name,url,username,password,note
Entry 0,https://e0.example,u0,"p,0""x",n0
Entry 1,https://e1.example,u1,"p,1""x",n1
Entry 2,https://e2.example,u2,"p,2""x",n2
Entry 3,https://e3.example,u3,"p,3""x",n3
Entry 4,https://e4.example,u4,"p,4""x",n4
Entry 5,https://e5.example,u5,"p,5""x",n5
Entry 6,https://e6.example,u6,"p,6""x",n6
Entry 7,https://e7.example,u7,"p,7""x",n7
Entry 8,https://e8.example,u8,"p,8""x",n8
Entry 9,https://e9.example,u9,"p,9""x",n9
Entry 10,https://e10.example,u10,"p,10""x",n10
Entry 11,https://e11.example,u11,"p,11""x",n11
Entry 12,https://e12.example,u12,"p,12""x",n12
Entry 13,https://e13.example,u13,"p,13""x",n13
Entry 14,https://e14.example,u14,"p,14""x",n14
Entry 15,https://e15.example,u15,"p,15""x",n15
Entry 16,https://e16.example,u16,"p,16""x",n16
Entry 17,https://e17.example,u17,"p,17""x",n17
Entry 18,https://e18.example,u18,"p,18""x",n18
Entry 19,https://e19.example,u19,"p,19""x",n19
Entry 20,https://e20.example,u20,"p,20""x",n20
Entry 21,https://e21.example,u21,"p,21""x",n21
Entry 22,https://e22.example,u22,"p,22""x",n22
Entry 23,https://e23.example,u23,"p,23""x",n23
Entry 24,https://e24.example,u24,"p,24""x",n24
Entry 25,https://e25.example,u25,"p,25""x",n25
Entry 26,https://e26.example,u26,"p,26""x",n26
Entry 27,https://e27.example,u27,"p,27""x",n27
Entry 28,https://e28.example,u28,"p,28""x",n28
Entry 29,https://e29.example,u29,"p,29""x",n29
Entry 30,https://e30.example,u30,"p,30""x",n30
Entry 31,https://e31.example,u31,"p,31""x",n31
Entry 32,https://e32.example,u32,"p,32""x",n32
Entry 33,https://e33.example,u33,"p,33""x",n33
Entry 34,https://e34.example,u34,"p,34""x",n34
Entry 35,https://e35.example,u35,"p,35""x",n35
Entry 36,https://e36.example,u36,"p,36""x",n36
Entry 37,https://e37.example,u37,"p,37""x",n37
Entry 38,https://e38.example,u38,"p,38""x",n38
Entry 39,https://e39.example,u39,"p,39""x",n39
Entry 40,https://e40.example,u40,"p,40""x",n40
Entry 41,https://e41.example,u41,"p,41""x",n41
Entry 42,https://e42.example,u42,"p,42""x",n42
Entry 43,https://e43.example,u43,"p,43""x",n43
Entry 44,https://e44.example,u44,"p,44""x",n44
Entry 45,https://e45.example,u45,"p,45""x",n45
Entry 46,https://e46.example,u46,"p,46""x",n46
Entry 47,https://e47.example,u47,"p,47""x",n47
Entry 48,https://e48.example,u48,"p,48""x",n48
Entry 49,https://e49.example,u49,"p,49""x",n49
Entry 50,https://e50.example,u50,"p,50""x",n50
Entry 51,https://e51.example,u51,"p,51""x",n51
Entry 52,https://e52.example,u52,"p,52""x",n52
Entry 53,https://e53.example,u53,"p,53""x",n53
Entry 54,https://e54.example,u54,"p,54""x",n54
Entry 55,https://e55.example,u55,"p,55""x",n55
Entry 56,https://e56.example,u56,"p,56""x",n56
Entry 57,https://e57.example,u57,"p,57""x",n57
Entry 58,https://e58.example,u58,"p,58""x",n58
Entry 59,https://e59.example,u59,"p,59""x",n59
Entry 60,https://e60.example,u60,"p,60""x",n60
Entry 61,https://e61.example,u61,"p,61""x",n61
Entry 62,https://e62.example,u62,"p,62""x",n62
Entry 63,https://e63.example,u63,"p,63""x",n63
Entry 64,https://e64.example,u64,"p,64""x",n64
Entry 65,https://e65.example,u65,"p,65""x",n65
Entry 66,https://e66.example,u66,"p,66""x",n66
Entry 67,https://e67.example,u67,"p,67""x",n67
Entry 68,https://e68.example,u68,"p,68""x",n68
Entry 69,https://e69.example,u69,"p,69""x",n69
Entry 70,https://e70.example,u70,"p,70""x",n70
Entry 71,https://e71.example,u71,"p,71""x",n71
Entry 72,https://e72.example,u72,"p,72""x",n72
Entry 73,https://e73.example,u73,"p,73""x",n73
Entry 74,https://e74.example,u74,"p,74""x",n74
Entry 75,https://e75.example,u75,"p,75""x",n75
Entry 76,https://e76.example,u76,"p,76""x",n76
Entry 77,https://e77.example,u77,"p,77""x",n77
Entry 78,https://e78.example,u78,"p,78""x",n78
Entry 79,https://e79.example,u79,"p,79""x",n79
Entry 80,https://e80.example,u80,"p,80""x",n80
Entry 81,https://e81.example,u81,"p,81""x",n81
Entry 82,https://e82.example,u82,"p,82""x",n82
Entry 83,https://e83.example,u83,"p,83""x",n83
Entry 84,https://e84.example,u84,"p,84""x",n84
Entry 85,https://e85.example,u85,"p,85""x",n85
Entry 86,https://e86.example,u86,"p,86""x",n86
Entry 87,https://e87.example,u87,"p,87""x",n87
Entry 88,https://e88.example,u88,"p,88""x",n88
Entry 89,https://e89.example,u89,"p,89""x",n89
Entry 90,https://e90.example,u90,"p,90""x",n90
Entry 91,https://e91.example,u91,"p,91""x",n91
Entry 92,https://e92.example,u92,"p,92""x",n92
Entry 93,https://e93.example,u93,"p,93""x",n93
Entry 94,https://e94.example,u94,"p,94""x",n94
Entry 95,https://e95.example,u95,"p,95""x",n95
Entry 96,https://e96.example,u96,"p,96""x",n96
Entry 97,https://e97.example,u97,"p,97""x",n97
Entry 98,https://e98.example,u98,"p,98""x",n98
Entry 99,https://e99.example,u99,"p,99""x",n99
Entry 100,https://e100.example,u100,"p,100""x",n100
Entry 101,https://e101.example,u101,"p,101""x",n101
Entry 102,https://e102.example,u102,"p,102""x",n102
Entry 103,https://e103.example,u103,"p,103""x",n103
Entry 104,https://e104.example,u104,"p,104""x",n104
Entry 105,https://e105.example,u105,"p,105""x",n105
Entry 106,https://e106.example,u106,"p,106""x",n106
Entry 107,https://e107.example,u107,"p,107""x",n107
Entry 108,https://e108.example,u108,"p,108""x",n108
Entry 109,https://e109.example,u109,"p,109""x",n109
Entry 110,https://e110.example,u110,"p,110""x",n110
Entry 111,https://e111.example,u111,"p,111""x",n111
Entry 112,https://e112.example,u112,"p,112""x",n112
Entry 113,https://e113.example,u113,"p,113""x",n113
Entry 114,https://e114.example,u114,"p,114""x",n114
Entry 115,https://e115.example,u115,"p,115""x",n115
Entry 116,https://e116.example,u116,"p,116""x",n116
Entry 117,https://e117.example,u117,"p,117""x",n117
Entry 118,https://e118.example,u118,"p,118""x",n118
Entry 119,https://e119.example,u119,"p,119""x",n119
Entry 120,https://e120.example,u120,"p,120""x",n120
Entry 121,https://e121.example,u121,"p,121""x",n121
Entry 122,https://e122.example,u122,"p,122""x",n122
Entry 123,https://e123.example,u123,"p,123""x",n123
Entry 124,https://e124.example,u124,"p,124""x",n124
Entry 125,https://e125.example,u125,"p,125""x",n125
Entry 126,https://e126.example,u126,"p,126""x",n126
Entry 127,https://e127.example,u127,"p,127""x",n127
Entry 128,https://e128.example,u128,"p,128""x",n128
Entry 129,https://e129.example,u129,"p,129""x",n129
Entry 130,https://e130.example,u130,"p,130""x",n130
Entry 131,https://e131.example,u131,"p,131""x",n131
Entry 132,https://e132.example,u132,"p,132""x",n132
Entry 133,https://e133.example,u133,"p,133""x",n133
Entry 134,https://e134.example,u134,"p,134""x",n134
Entry 135,https://e135.example,u135,"p,135""x",n135
Entry 136,https://e136.example,u136,"p,136""x",n136
Entry 137,https://e137.example,u137,"p,137""x",n137
Entry 138,https://e138.example,u138,"p,138""x",n138
Entry 139,https://e139.example,u139,"p,139""x",n139
Entry 140,https://e140.example,u140,"p,140""x",n140
Entry 141,https://e141.example,u141,"p,141""x",n141
Entry 142,https://e142.example,u142,"p,142""x",n142
Entry 143,https://e143.example,u143,"p,143""x",n143
Entry 144,https://e144.example,u144,"p,144""x",n144
Entry 145,https://e145.example,u145,"p,145""x",n145
Entry 146,https://e146.example,u146,"p,146""x",n146
Entry 147,https://e147.example,u147,"p,147""x",n147
Entry 148,https://e148.example,u148,"p,148""x",n148
Entry 149,https://e149.example,u149,"p,149""x",n149
Entry 150,https://e150.example,u150,"p,150""x",n150
Entry 151,https://e151.example,u151,"p,151""x",n151
Entry 152,https://e152.example,u152,"p,152""x",n152
Entry 153,https://e153.example,u153,"p,153""x",n153
Entry 154,https://e154.example,u154,"p,154""x",n154
Entry 155,https://e155.example,u155,"p,155""x",n155
Entry 156,https://e156.example,u156,"p,156""x",n156
Entry 157,https://e157.example,u157,"p,157""x",n157
Entry 158,https://e158.example,u158,"p,158""x",n158
Entry 159,https://e159.example,u159,"p,159""x",n159
Entry 160,https://e160.example,u160,"p,160""x",n160
Entry 161,https://e161.example,u161,"p,161""x",n161
Entry 162,https://e162.example,u162,"p,162""x",n162
Entry 163,https://e163.example,u163,"p,163""x",n163
Entry 164,https://e164.example,u164,"p,164""x",n164
Entry 165,https://e165.example,u165,"p,165""x",n165
Entry 166,https://e166.example,u166,"p,166""x",n166
Entry 167,https://e167.example,u167,"p,167""x",n167
Entry 168,https://e168.example,u168,"p,168""x",n168
Entry 169,https://e169.example,u169,"p,169""x",n169
Entry 170,https://e170.example,u170,"p,170""x",n170
Entry 171,https://e171.example,u171,"p,171""x",n171
Entry 172,https://e172.example,u172,"p,172""x",n172
Entry 173,https://e173.example,u173,"p,173""x",n173
Entry 174,https://e174.example,u174,"p,174""x",n174
Entry 175,https://e175.example,u175,"p,175""x",n175
Entry 176,https://e176.example,u176,"p,176""x",n176
Entry 177,https://e177.example,u177,"p,177""x",n177
Entry 178,https://e178.example,u178,"p,178""x",n178
Entry 179,https://e179.example,u179,"p,179""x",n179
Entry 180,https://e180.example,u180,"p,180""x",n180
Entry 181,https://e181.example,u181,"p,181""x",n181
Entry 182,https://e182.example,u182,"p,182""x",n182
Entry 183,https://e183.example,u183,"p,183""x",n183
Entry 184,https://e184.example,u184,"p,184""x",n184
Entry 185,https://e185.example,u185,"p,185""x",n185
Entry 186,https://e186.example,u186,"p,186""x",n186
Entry 187,https://e187.example,u187,"p,187""x",n187
Entry 188,https://e188.example,u188,"p,188""x",n188
Entry 189,https://e189.example,u189,"p,189""x",n189
Entry 190,https://e190.example,u190,"p,190""x",n190
Entry 191,https://e191.example,u191,"p,191""x",n191
Entry 192,https://e192.example,u192,"p,192""x",n192
Entry 193,https://e193.example,u193,"p,193""x",n193
Entry 194,https://e194.example,u194,"p,194""x",n194
Entry 195,https://e195.example,u195,"p,195""x",n195
Entry 196,https://e196.example,u196,"p,196""x",n196
Entry 197,https://e197.example,u197,"p,197""x",n197
Entry 198,https://e198.example,u198,"p,198""x",n198
Entry 199,https://e199.example,u199,"p,199""x",n199
Entry 200,https://e200.example,u200,"p,200""x",n200
Entry 201,https://e201.example,u201,"p,201""x",n201
Entry 202,https://e202.example,u202,"p,202""x",n202
Entry 203,https://e203.example,u203,"p,203""x",n203
Entry 204,https://e204.example,u204,"p,204""x",n204
Entry 205,https://e205.example,u205,"p,205""x",n205
Entry 206,https://e206.example,u206,"p,206""x",n206
Entry 207,https://e207.example,u207,"p,207""x",n207
Entry 208,https://e208.example,u208,"p,208""x",n208
Entry 209,https://e209.example,u209,"p,209""x",n209
Entry 210,https://e210.example,u210,"p,210""x",n210
Entry 211,https://e211.example,u211,"p,211""x",n211
Entry 212,https://e212.example,u212,"p,212""x",n212
Entry 213,https://e213.example,u213,"p,213""x",n213
Entry 214,https://e214.example,u214,"p,214""x",n214
Entry 215,https://e215.example,u215,"p,215""x",n215
Entry 216,https://e216.example,u216,"p,216""x",n216
Entry 217,https://e217.example,u217,"p,217""x",n217
Entry 218,https://e218.example,u218,"p,218""x",n218
Entry 219,https://e219.example,u219,"p,219""x",n219
Entry 220,https://e220.example,u220,"p,220""x",n220
Entry 221,https://e221.example,u221,"p,221""x",n221
Entry 222,https://e222.example,u222,"p,222""x",n222
Entry 223,https://e223.example,u223,"p,223""x",n223
Entry 224,https://e224.example,u224,"p,224""x",n224
Entry 225,https://e225.example,u225,"p,225""x",n225
Entry 226,https://e226.example,u226,"p,226""x",n226
Entry 227,https://e227.example,u227,"p,227""x",n227
Entry 228,https://e228.example,u228,"p,228""x",n228
Entry 229,https://e229.example,u229,"p,229""x",n229
Entry 230,https://e230.example,u230,"p,230""x",n230
Entry 231,https://e231.example,u231,"p,231""x",n231
Entry 232,https://e232.example,u232,"p,232""x",n232
Entry 233,https://e233.example,u233,"p,233""x",n233
Entry 234,https://e234.example,u234,"p,234""x",n234
Entry 235,https://e235.example,u235,"p,235""x",n235
Entry 236,https://e236.example,u236,"p,236""x",n236
Entry 237,https://e237.example,u237,"p,237""x",n237
Entry 238,https://e238.example,u238,"p,238""x",n238
Entry 239,https://e239.example,u239,"p,239""x",n239
Entry 240,https://e240.example,u240,"p,240""x",n240
Entry 241,https://e241.example,u241,"p,241""x",n241
Entry 242,https://e242.example,u242,"p,242""x",n242
Entry 243,https://e243.example,u243,"p,243""x",n243
Entry 244,https://e244.example,u244,"p,244""x",n244
Entry 245,https://e245.example,u245,"p,245""x",n245
Entry 246,https://e246.example,u246,"p,246""x",n246
Entry 247,https://e247.example,u247,"p,247""x",n247
Entry 248,https://e248.example,u248,"p,248""x",n248
Entry 249,https://e249.example,u249,"p,249""x",n249
Entry 250,https://e250.example,u250,"p,250""x",n250
Entry 251,https://e251.example,u251,"p,251""x",n251
Entry 252,https://e252.example,u252,"p,252""x",n252
Entry 253,https://e253.example,u253,"p,253""x",n253
Entry 254,https://e254.example,u254,"p,254""x",n254
Entry 255,https://e255.example,u255,"p,255""x",n255
Entry 256,https://e256.example,u256,"p,256""x",n256
Entry 257,https://e257.example,u257,"p,257""x",n257
Entry 258,https://e258.example,u258,"p,258""x",n258
Entry 259,https://e259.example,u259,"p,259""x",n259
Entry 260,https://e260.example,u260,"p,260""x",n260
Entry 261,https://e261.example,u261,"p,261""x",n261
Entry 262,https://e262.example,u262,"p,262""x",n262
Entry 263,https://e263.example,u263,"p,263""x",n263
Entry 264,https://e264.example,u264,"p,264""x",n264
Entry 265,https://e265.example,u265,"p,265""x",n265
Entry 266,https://e266.example,u266,"p,266""x",n266
Entry 267,https://e267.example,u267,"p,267""x",n267
Entry 268,https://e268.example,u268,"p,268""x",n268
Entry 269,https://e269.example,u269,"p,269""x",n269
Entry 270,https://e270.example,u270,"p,270""x",n270
Entry 271,https://e271.example,u271,"p,271""x",n271
Entry 272,https://e272.example,u272,"p,272""x",n272
Entry 273,https://e273.example,u273,"p,273""x",n273
Entry 274,https://e274.example,u274,"p,274""x",n274
Entry 275,https://e275.example,u275,"p,275""x",n275
Entry 276,https://e276.example,u276,"p,276""x",n276
Entry 277,https://e277.example,u277,"p,277""x",n277
Entry 278,https://e278.example,u278,"p,278""x",n278
Entry 279,https://e279.example,u279,"p,279""x",n279
Entry 280,https://e280.example,u280,"p,280""x",n280
Entry 281,https://e281.example,u281,"p,281""x",n281
Entry 282,https://e282.example,u282,"p,282""x",n282
Entry 283,https://e283.example,u283,"p,283""x",n283
Entry 284,https://e284.example,u284,"p,284""x",n284
Entry 285,https://e285.example,u285,"p,285""x",n285
Entry 286,https://e286.example,u286,"p,286""x",n286
Entry 287,https://e287.example,u287,"p,287""x",n287
Entry 288,https://e288.example,u288,"p,288""x",n288
Entry 289,https://e289.example,u289,"p,289""x",n289
Entry 290,https://e290.example,u290,"p,290""x",n290
Entry 291,https://e291.example,u291,"p,291""x",n291
Entry 292,https://e292.example,u292,"p,292""x",n292
Entry 293,https://e293.example,u293,"p,293""x",n293
Entry 294,https://e294.example,u294,"p,294""x",n294
Entry 295,https://e295.example,u295,"p,295""x",n295
Entry 296,https://e296.example,u296,"p,296""x",n296
Entry 297,https://e297.example,u297,"p,297""x",n297
Entry 298,https://e298.example,u298,"p,298""x",n298
Entry 299,https://e299.example,u299,"p,299""x",n299
Entry 300,https://e300.example,u300,"p,300""x",n300
Entry 301,https://e301.example,u301,"p,301""x",n301
Entry 302,https://e302.example,u302,"p,302""x",n302
Entry 303,https://e303.example,u303,"p,303""x",n303
Entry 304,https://e304.example,u304,"p,304""x",n304
Entry 305,https://e305.example,u305,"p,305""x",n305
Entry 306,https://e306.example,u306,"p,306""x",n306
Entry 307,https://e307.example,u307,"p,307""x",n307
Entry 308,https://e308.example,u308,"p,308""x",n308
Entry 309,https://e309.example,u309,"p,309""x",n309
Entry 310,https://e310.example,u310,"p,310""x",n310
Entry 311,https://e311.example,u311,"p,311""x",n311
Entry 312,https://e312.example,u312,"p,312""x",n312
Entry 313,https://e313.example,u313,"p,313""x",n313
Entry 314,https://e314.example,u314,"p,314""x",n314
Entry 315,https://e315.example,u315,"p,315""x",n315
Entry 316,https://e316.example,u316,"p,316""x",n316
Entry 317,https://e317.example,u317,"p,317""x",n317
Entry 318,https://e318.example,u318,"p,318""x",n318
Entry 319,https://e319.example,u319,"p,319""x",n319
Entry 320,https://e320.example,u320,"p,320""x",n320
Entry 321,https://e321.example,u321,"p,321""x",n321
Entry 322,https://e322.example,u322,"p,322""x",n322
Entry 323,https://e323.example,u323,"p,323""x",n323
Entry 324,https://e324.example,u324,"p,324""x",n324
Entry 325,https://e325.example,u325,"p,325""x",n325
Entry 326,https://e326.example,u326,"p,326""x",n326
Entry 327,https://e327.example,u327,"p,327""x",n327
Entry 328,https://e328.example,u328,"p,328""x",n328
Entry 329,https://e329.example,u329,"p,329""x",n329
Entry 330,https://e330.example,u330,"p,330""x",n330
Entry 331,https://e331.example,u331,"p,331""x",n331
Entry 332,https://e332.example,u332,"p,332""x",n332
Entry 333,https://e333.example,u333,"p,333""x",n333
Entry 334,https://e334.example,u334,"p,334""x",n334
Entry 335,https://e335.example,u335,"p,335""x",n335
Entry 336,https://e336.example,u336,"p,336""x",n336
Entry 337,https://e337.example,u337,"p,337""x",n337
Entry 338,https://e338.example,u338,"p,338""x",n338
Entry 339,https://e339.example,u339,"p,339""x",n339
Entry 340,https://e340.example,u340,"p,340""x",n340
Entry 341,https://e341.example,u341,"p,341""x",n341
Entry 342,https://e342.example,u342,"p,342""x",n342
Entry 343,https://e343.example,u343,"p,343""x",n343
Entry 344,https://e344.example,u344,"p,344""x",n344
Entry 345,https://e345.example,u345,"p,345""x",n345
Entry 346,https://e346.example,u346,"p,346""x",n346
Entry 347,https://e347.example,u347,"p,347""x",n347
Entry 348,https://e348.example,u348,"p,348""x",n348
Entry 349,https://e349.example,u349,"p,349""x",n349
Entry 350,https://e350.example,u350,"p,350""x",n350
Entry 351,https://e351.example,u351,"p,351""x",n351
Entry 352,https://e352.example,u352,"p,352""x",n352
Entry 353,https://e353.example,u353,"p,353""x",n353
Entry 354,https://e354.example,u354,"p,354""x",n354
Entry 355,https://e355.example,u355,"p,355""x",n355
Entry 356,https://e356.example,u356,"p,356""x",n356
Entry 357,https://e357.example,u357,"p,357""x",n357
Entry 358,https://e358.example,u358,"p,358""x",n358
Entry 359,https://e359.example,u359,"p,359""x",n359
Entry 360,https://e360.example,u360,"p,360""x",n360
Entry 361,https://e361.example,u361,"p,361""x",n361
Entry 362,https://e362.example,u362,"p,362""x",n362
Entry 363,https://e363.example,u363,"p,363""x",n363
Entry 364,https://e364.example,u364,"p,364""x",n364
Entry 365,https://e365.example,u365,"p,365""x",n365
Entry 366,https://e366.example,u366,"p,366""x",n366
Entry 367,https://e367.example,u367,"p,367""x",n367
Entry 368,https://e368.example,u368,"p,368""x",n368
Entry 369,https://e369.example,u369,"p,369""x",n369
Entry 370,https://e370.example,u370,"p,370""x",n370
Entry 371,https://e371.example,u371,"p,371""x",n371
Entry 372,https://e372.example,u372,"p,372""x",n372
Entry 373,https://e373.example,u373,"p,373""x",n373
Entry 374,https://e374.example,u374,"p,374""x",n374
Entry 375,https://e375.example,u375,"p,375""x",n375
Entry 376,https://e376.example,u376,"p,376""x",n376
Entry 377,https://e377.example,u377,"p,377""x",n377
Entry 378,https://e378.example,u378,"p,378""x",n378
Entry 379,https://e379.example,u379,"p,379""x",n379
Entry 380,https://e380.example,u380,"p,380""x",n380
Entry 381,https://e381.example,u381,"p,381""x",n381
Entry 382,https://e382.example,u382,"p,382""x",n382
Entry 383,https://e383.example,u383,"p,383""x",n383
Entry 384,https://e384.example,u384,"p,384""x",n384
Entry 385,https://e385.example,u385,"p,385""x",n385
Entry 386,https://e386.example,u386,"p,386""x",n386
Entry 387,https://e387.example,u387,"p,387""x",n387
Entry 388,https://e388.example,u388,"p,388""x",n388
Entry 389,https://e389.example,u389,"p,389""x",n389
Entry 390,https://e390.example,u390,"p,390""x",n390
Entry 391,https://e391.example,u391,"p,391""x",n391
Entry 392,https://e392.example,u392,"p,392""x",n392
Entry 393,https://e393.example,u393,"p,393""x",n393
Entry 394,https://e394.example,u394,"p,394""x",n394
Entry 395,https://e395.example,u395,"p,395""x",n395
Entry 396,https://e396.example,u396,"p,396""x",n396
Entry 397,https://e397.example,u397,"p,397""x",n397
Entry 398,https://e398.example,u398,"p,398""x",n398
Entry 399,https://e399.example,u399,"p,399""x",n399
Entry 400,https://e400.example,u400,"p,400""x",n400
Entry 401,https://e401.example,u401,"p,401""x",n401
Entry 402,https://e402.example,u402,"p,402""x",n402
Entry 403,https://e403.example,u403,"p,403""x",n403
Entry 404,https://e404.example,u404,"p,404""x",n404
Entry 405,https://e405.example,u405,"p,405""x",n405
Entry 406,https://e406.example,u406,"p,406""x",n406
Entry 407,https://e407.example,u407,"p,407""x",n407
Entry 408,https://e408.example,u408,"p,408""x",n408
Entry 409,https://e409.example,u409,"p,409""x",n409
Entry 410,https://e410.example,u410,"p,410""x",n410
Entry 411,https://e411.example,u411,"p,411""x",n411
Entry 412,https://e412.example,u412,"p,412""x",n412
Entry 413,https://e413.example,u413,"p,413""x",n413
Entry 414,https://e414.example,u414,"p,414""x",n414
Entry 415,https://e415.example,u415,"p,415""x",n415
Entry 416,https://e416.example,u416,"p,416""x",n416
Entry 417,https://e417.example,u417,"p,417""x",n417
Entry 418,https://e418.example,u418,"p,418""x",n418
Entry 419,https://e419.example,u419,"p,419""x",n419
Entry 420,https://e420.example,u420,"p,420""x",n420
Entry 421,https://e421.example,u421,"p,421""x",n421
Entry 422,https://e422.example,u422,"p,422""x",n422
Entry 423,https://e423.example,u423,"p,423""x",n423
Entry 424,https://e424.example,u424,"p,424""x",n424
Entry 425,https://e425.example,u425,"p,425""x",n425
Entry 426,https://e426.example,u426,"p,426""x",n426
Entry 427,https://e427.example,u427,"p,427""x",n427
Entry 428,https://e428.example,u428,"p,428""x",n428
Entry 429,https://e429.example,u429,"p,429""x",n429
Entry 430,https://e430.example,u430,"p,430""x",n430
Entry 431,https://e431.example,u431,"p,431""x",n431
Entry 432,https://e432.example,u432,"p,432""x",n432
Entry 433,https://e433.example,u433,"p,433""x",n433
Entry 434,https://e434.example,u434,"p,434""x",n434
Entry 435,https://e435.example,u435,"p,435""x",n435
Entry 436,https://e436.example,u436,"p,436""x",n436
Entry 437,https://e437.example,u437,"p,437""x",n437
Entry 438,https://e438.example,u438,"p,438""x",n438
Entry 439,https://e439.example,u439,"p,439""x",n439
Entry 440,https://e440.example,u440,"p,440""x",n440
Entry 441,https://e441.example,u441,"p,441""x",n441
Entry 442,https://e442.example,u442,"p,442""x",n442
Entry 443,https://e443.example,u443,"p,443""x",n443
Entry 444,https://e444.example,u444,"p,444""x",n444
Entry 445,https://e445.example,u445,"p,445""x",n445
Entry 446,https://e446.example,u446,"p,446""x",n446
Entry 447,https://e447.example,u447,"p,447""x",n447
Entry 448,https://e448.example,u448,"p,448""x",n448
Entry 449,https://e449.example,u449,"p,449""x",n449
Entry 450,https://e450.example,u450,"p,450""x",n450
Entry 451,https://e451.example,u451,"p,451""x",n451
Entry 452,https://e452.example,u452,"p,452""x",n452
Entry 453,https://e453.example,u453,"p,453""x",n453
Entry 454,https://e454.example,u454,"p,454""x",n454
Entry 455,https://e455.example,u455,"p,455""x",n455
Entry 456,https://e456.example,u456,"p,456""x",n456
Entry 457,https://e457.example,u457,"p,457""x",n457
Entry 458,https://e458.example,u458,"p,458""x",n458
Entry 459,https://e459.example,u459,"p,459""x",n459
Entry 460,https://e460.example,u460,"p,460""x",n460
Entry 461,https://e461.example,u461,"p,461""x",n461
Entry 462,https://e462.example,u462,"p,462""x",n462
Entry 463,https://e463.example,u463,"p,463""x",n463
Entry 464,https://e464.example,u464,"p,464""x",n464
Entry 465,https://e465.example,u465,"p,465""x",n465
Entry 466,https://e466.example,u466,"p,466""x",n466
Entry 467,https://e467.example,u467,"p,467""x",n467
Entry 468,https://e468.example,u468,"p,468""x",n468
Entry 469,https://e469.example,u469,"p,469""x",n469
Entry 470,https://e470.example,u470,"p,470""x",n470
Entry 471,https://e471.example,u471,"p,471""x",n471
Entry 472,https://e472.example,u472,"p,472""x",n472
Entry 473,https://e473.example,u473,"p,473""x",n473
Entry 474,https://e474.example,u474,"p,474""x",n474
Entry 475,https://e475.example,u475,"p,475""x",n475
Entry 476,https://e476.example,u476,"p,476""x",n476
Entry 477,https://e477.example,u477,"p,477""x",n477
Entry 478,https://e478.example,u478,"p,478""x",n478
Entry 479,https://e479.example,u479,"p,479""x",n479
Entry 480,https://e480.example,u480,"p,480""x",n480
Entry 481,https://e481.example,u481,"p,481""x",n481
Entry 482,https://e482.example,u482,"p,482""x",n482
Entry 483,https://e483.example,u483,"p,483""x",n483
Entry 484,https://e484.example,u484,"p,484""x",n484
Entry 485,https://e485.example,u485,"p,485""x",n485
Entry 486,https://e486.example,u486,"p,486""x",n486
Entry 487,https://e487.example,u487,"p,487""x",n487
Entry 488,https://e488.example,u488,"p,488""x",n488
Entry 489,https://e489.example,u489,"p,489""x",n489
Entry 490,https://e490.example,u490,"p,490""x",n490
Entry 491,https://e491.example,u491,"p,491""x",n491
Entry 492,https://e492.example,u492,"p,492""x",n492
Entry 493,https://e493.example,u493,"p,493""x",n493
Entry 494,https://e494.example,u494,"p,494""x",n494
Entry 495,https://e495.example,u495,"p,495""x",n495
Entry 496,https://e496.example,u496,"p,496""x",n496
Entry 497,https://e497.example,u497,"p,497""x",n497
Entry 498,https://e498.example,u498,"p,498""x",n498
Entry 499,https://e499.example,u499,"p,499""x",n499
Entry 500,https://e500.example,u500,"p,500""x",n500
Entry 501,https://e501.example,u501,"p,501""x",n501
Entry 502,https://e502.example,u502,"p,502""x",n502
Entry 503,https://e503.example,u503,"p,503""x",n503
Entry 504,https://e504.example,u504,"p,504""x",n504
Entry 505,https://e505.example,u505,"p,505""x",n505
Entry 506,https://e506.example,u506,"p,506""x",n506
Entry 507,https://e507.example,u507,"p,507""x",n507
Entry 508,https://e508.example,u508,"p,508""x",n508
Entry 509,https://e509.example,u509,"p,509""x",n509
Entry 510,https://e510.example,u510,"p,510""x",n510
Entry 511,https://e511.example,u511,"p,511""x",n511
Entry 512,https://e512.example,u512,"p,512""x",n512
Entry 513,https://e513.example,u513,"p,513""x",n513
Entry 514,https://e514.example,u514,"p,514""x",n514
Entry 515,https://e515.example,u515,"p,515""x",n515
Entry 516,https://e516.example,u516,"p,516""x",n516
Entry 517,https://e517.example,u517,"p,517""x",n517
Entry 518,https://e518.example,u518,"p,518""x",n518
Entry 519,https://e519.example,u519,"p,519""x",n519
Entry 520,https://e520.example,u520,"p,520""x",n520
Entry 521,https://e521.example,u521,"p,521""x",n521
Entry 522,https://e522.example,u522,"p,522""x",n522
Entry 523,https://e523.example,u523,"p,523""x",n523
Entry 524,https://e524.example,u524,"p,524""x",n524
Entry 525,https://e525.example,u525,"p,525""x",n525
Entry 526,https://e526.example,u526,"p,526""x",n526
Entry 527,https://e527.example,u527,"p,527""x",n527
Entry 528,https://e528.example,u528,"p,528""x",n528
Entry 529,https://e529.example,u529,"p,529""x",n529
Entry 530,https://e530.example,u530,"p,530""x",n530
Entry 531,https://e531.example,u531,"p,531""x",n531
Entry 532,https://e532.example,u532,"p,532""x",n532
Entry 533,https://e533.example,u533,"p,533""x",n533
Entry 534,https://e534.example,u534,"p,534""x",n534
Entry 535,https://e535.example,u535,"p,535""x",n535
Entry 536,https://e536.example,u536,"p,536""x",n536
Entry 537,https://e537.example,u537,"p,537""x",n537
Entry 538,https://e538.example,u538,"p,538""x",n538
Entry 539,https://e539.example,u539,"p,539""x",n539
Entry 540,https://e540.example,u540,"p,540""x",n540
Entry 541,https://e541.example,u541,"p,541""x",n541
Entry 542,https://e542.example,u542,"p,542""x",n542
Entry 543,https://e543.example,u543,"p,543""x",n543
Entry 544,https://e544.example,u544,"p,544""x",n544
Entry 545,https://e545.example,u545,"p,545""x",n545
Entry 546,https://e546.example,u546,"p,546""x",n546
Entry 547,https://e547.example,u547,"p,547""x",n547
Entry 548,https://e548.example,u548,"p,548""x",n548
Entry 549,https://e549.example,u549,"p,549""x",n549
Entry 550,https://e550.example,u550,"p,550""x",n550
Entry 551,https://e551.example,u551,"p,551""x",n551
Entry 552,https://e552.example,u552,"p,552""x",n552
Entry 553,https://e553.example,u553,"p,553""x",n553
Entry 554,https://e554.example,u554,"p,554""x",n554
Entry 555,https://e555.example,u555,"p,555""x",n555
Entry 556,https://e556.example,u556,"p,556""x",n556
Entry 557,https://e557.example,u557,"p,557""x",n557
Entry 558,https://e558.example,u558,"p,558""x",n558
Entry 559,https://e559.example,u559,"p,559""x",n559
Entry 560,https://e560.example,u560,"p,560""x",n560
Entry 561,https://e561.example,u561,"p,561""x",n561
Entry 562,https://e562.example,u562,"p,562""x",n562
Entry 563,https://e563.example,u563,"p,563""x",n563
Entry 564,https://e564.example,u564,"p,564""x",n564
Entry 565,https://e565.example,u565,"p,565""x",n565
Entry 566,https://e566.example,u566,"p,566""x",n566
Entry 567,https://e567.example,u567,"p,567""x",n567
Entry 568,https://e568.example,u568,"p,568""x",n568
Entry 569,https://e569.example,u569,"p,569""x",n569
Entry 570,https://e570.example,u570,"p,570""x",n570
Entry 571,https://e571.example,u571,"p,571""x",n571
Entry 572,https://e572.example,u572,"p,572""x",n572
Entry 573,https://e573.example,u573,"p,573""x",n573
Entry 574,https://e574.example,u574,"p,574""x",n574
Entry 575,https://e575.example,u575,"p,575""x",n575
Entry 576,https://e576.example,u576,"p,576""x",n576
Entry 577,https://e577.example,u577,"p,577""x",n577
Entry 578,https://e578.example,u578,"p,578""x",n578
Entry 579,https://e579.example,u579,"p,579""x",n579
Entry 580,https://e580.example,u580,"p,580""x",n580
Entry 581,https://e581.example,u581,"p,581""x",n581
Entry 582,https://e582.example,u582,"p,582""x",n582
Entry 583,https://e583.example,u583,"p,583""x",n583
Entry 584,https://e584.example,u584,"p,584""x",n584
Entry 585,https://e585.example,u585,"p,585""x",n585
Entry 586,https://e586.example,u586,"p,586""x",n586
Entry 587,https://e587.example,u587,"p,587""x",n587
Entry 588,https://e588.example,u588,"p,588""x",n588
Entry 589,https://e589.example,u589,"p,589""x",n589
Entry 590,https://e590.example,u590,"p,590""x",n590
Entry 591,https://e591.example,u591,"p,591""x",n591
Entry 592,https://e592.example,u592,"p,592""x",n592
Entry 593,https://e593.example,u593,"p,593""x",n593
Entry 594,https://e594.example,u594,"p,594""x",n594
Entry 595,https://e595.example,u595,"p,595""x",n595
Entry 596,https://e596.example,u596,"p,596""x",n596
Entry 597,https://e597.example,u597,"p,597""x",n597
Entry 598,https://e598.example,u598,"p,598""x",n598
Entry 599,https://e599.example,u599,"p,599""x",n599
Entry 600,https://e600.example,u600,"p,600""x",n600
Entry 601,https://e601.example,u601,"p,601""x",n601
Entry 602,https://e602.example,u602,"p,602""x",n602
Entry 603,https://e603.example,u603,"p,603""x",n603
Entry 604,https://e604.example,u604,"p,604""x",n604
Entry 605,https://e605.example,u605,"p,605""x",n605
Entry 606,https://e606.example,u606,"p,606""x",n606
Entry 607,https://e607.example,u607,"p,607""x",n607
Entry 608,https://e608.example,u608,"p,608""x",n608
Entry 609,https://e609.example,u609,"p,609""x",n609
Entry 610,https://e610.example,u610,"p,610""x",n610
Entry 611,https://e611.example,u611,"p,611""x",n611
Entry 612,https://e612.example,u612,"p,612""x",n612
Entry 613,https://e613.example,u613,"p,613""x",n613
Entry 614,https://e614.example,u614,"p,614""x",n614
Entry 615,https://e615.example,u615,"p,615""x",n615
Entry 616,https://e616.example,u616,"p,616""x",n616
Entry 617,https://e617.example,u617,"p,617""x",n617
Entry 618,https://e618.example,u618,"p,618""x",n618
Entry 619,https://e619.example,u619,"p,619""x",n619
Entry 620,https://e620.example,u620,"p,620""x",n620
Entry 621,https://e621.example,u621,"p,621""x",n621
Entry 622,https://e622.example,u622,"p,622""x",n622
Entry 623,https://e623.example,u623,"p,623""x",n623
Entry 624,https://e624.example,u624,"p,624""x",n624
Entry 625,https://e625.example,u625,"p,625""x",n625
Entry 626,https://e626.example,u626,"p,626""x",n626
Entry 627,https://e627.example,u627,"p,627""x",n627
Entry 628,https://e628.example,u628,"p,628""x",n628
Entry 629,https://e629.example,u629,"p,629""x",n629
Entry 630,https://e630.example,u630,"p,630""x",n630
Entry 631,https://e631.example,u631,"p,631""x",n631
Entry 632,https://e632.example,u632,"p,632""x",n632
Entry 633,https://e633.example,u633,"p,633""x",n633
Entry 634,https://e634.example,u634,"p,634""x",n634
Entry 635,https://e635.example,u635,"p,635""x",n635
Entry 636,https://e636.example,u636,"p,636""x",n636
Entry 637,https://e637.example,u637,"p,637""x",n637
Entry 638,https://e638.example,u638,"p,638""x",n638
Entry 639,https://e639.example,u639,"p,639""x",n639
Entry 640,https://e640.example,u640,"p,640""x",n640
Entry 641,https://e641.example,u641,"p,641""x",n641
Entry 642,https://e642.example,u642,"p,642""x",n642
Entry 643,https://e643.example,u643,"p,643""x",n643
Entry 644,https://e644.example,u644,"p,644""x",n644
Entry 645,https://e645.example,u645,"p,645""x",n645
Entry 646,https://e646.example,u646,"p,646""x",n646
Entry 647,https://e647.example,u647,"p,647""x",n647
Entry 648,https://e648.example,u648,"p,648""x",n648
Entry 649,https://e649.example,u649,"p,649""x",n649
Entry 650,https://e650.example,u650,"p,650""x",n650
Entry 651,https://e651.example,u651,"p,651""x",n651
Entry 652,https://e652.example,u652,"p,652""x",n652
Entry 653,https://e653.example,u653,"p,653""x",n653
Entry 654,https://e654.example,u654,"p,654""x",n654
Entry 655,https://e655.example,u655,"p,655""x",n655
Entry 656,https://e656.example,u656,"p,656""x",n656
Entry 657,https://e657.example,u657,"p,657""x",n657
Entry 658,https://e658.example,u658,"p,658""x",n658
Entry 659,https://e659.example,u659,"p,659""x",n659
Entry 660,https://e660.example,u660,"p,660""x",n660
Entry 661,https://e661.example,u661,"p,661""x",n661
Entry 662,https://e662.example,u662,"p,662""x",n662
Entry 663,https://e663.example,u663,"p,663""x",n663
Entry 664,https://e664.example,u664,"p,664""x",n664
Entry 665,https://e665.example,u665,"p,665""x",n665
Entry 666,https://e666.example,u666,"p,666""x",n666
Entry 667,https://e667.example,u667,"p,667""x",n667
Entry 668,https://e668.example,u668,"p,668""x",n668
Entry 669,https://e669.example,u669,"p,669""x",n669
Entry 670,https://e670.example,u670,"p,670""x",n670
Entry 671,https://e671.example,u671,"p,671""x",n671
Entry 672,https://e672.example,u672,"p,672""x",n672
Entry 673,https://e673.example,u673,"p,673""x",n673
Entry 674,https://e674.example,u674,"p,674""x",n674
Entry 675,https://e675.example,u675,"p,675""x",n675
Entry 676,https://e676.example,u676,"p,676""x",n676
Entry 677,https://e677.example,u677,"p,677""x",n677
Entry 678,https://e678.example,u678,"p,678""x",n678
Entry 679,https://e679.example,u679,"p,679""x",n679
Entry 680,https://e680.example,u680,"p,680""x",n680
Entry 681,https://e681.example,u681,"p,681""x",n681
Entry 682,https://e682.example,u682,"p,682""x",n682
Entry 683,https://e683.example,u683,"p,683""x",n683
Entry 684,https://e684.example,u684,"p,684""x",n684
Entry 685,https://e685.example,u685,"p,685""x",n685
Entry 686,https://e686.example,u686,"p,686""x",n686
Entry 687,https://e687.example,u687,"p,687""x",n687
Entry 688,https://e688.example,u688,"p,688""x",n688
Entry 689,https://e689.example,u689,"p,689""x",n689
Entry 690,https://e690.example,u690,"p,690""x",n690
Entry 691,https://e691.example,u691,"p,691""x",n691
Entry 692,https://e692.example,u692,"p,692""x",n692
Entry 693,https://e693.example,u693,"p,693""x",n693
Entry 694,https://e694.example,u694,"p,694""x",n694
Entry 695,https://e695.example,u695,"p,695""x",n695
Entry 696,https://e696.example,u696,"p,696""x",n696
Entry 697,https://e697.example,u697,"p,697""x",n697
Entry 698,https://e698.example,u698,"p,698""x",n698
Entry 699,https://e699.example,u699,"p,699""x",n699
Entry 700,https://e700.example,u700,"p,700""x",n700
Entry 701,https://e701.example,u701,"p,701""x",n701
Entry 702,https://e702.example,u702,"p,702""x",n702
Entry 703,https://e703.example,u703,"p,703""x",n703
Entry 704,https://e704.example,u704,"p,704""x",n704
Entry 705,https://e705.example,u705,"p,705""x",n705
Entry 706,https://e706.example,u706,"p,706""x",n706
Entry 707,https://e707.example,u707,"p,707""x",n707
Entry 708,https://e708.example,u708,"p,708""x",n708
Entry 709,https://e709.example,u709,"p,709""x",n709
Entry 710,https://e710.example,u710,"p,710""x",n710
Entry 711,https://e711.example,u711,"p,711""x",n711
Entry 712,https://e712.example,u712,"p,712""x",n712
Entry 713,https://e713.example,u713,"p,713""x",n713
Entry 714,https://e714.example,u714,"p,714""x",n714
Entry 715,https://e715.example,u715,"p,715""x",n715
Entry 716,https://e716.example,u716,"p,716""x",n716
Entry 717,https://e717.example,u717,"p,717""x",n717
Entry 718,https://e718.example,u718,"p,718""x",n718
Entry 719,https://e719.example,u719,"p,719""x",n719
Entry 720,https://e720.example,u720,"p,720""x",n720
Entry 721,https://e721.example,u721,"p,721""x",n721
Entry 722,https://e722.example,u722,"p,722""x",n722
Entry 723,https://e723.example,u723,"p,723""x",n723
Entry 724,https://e724.example,u724,"p,724""x",n724
Entry 725,https://e725.example,u725,"p,725""x",n725
Entry 726,https://e726.example,u726,"p,726""x",n726
Entry 727,https://e727.example,u727,"p,727""x",n727
Entry 728,https://e728.example,u728,"p,728""x",n728
Entry 729,https://e729.example,u729,"p,729""x",n729
Entry 730,https://e730.example,u730,"p,730""x",n730
Entry 731,https://e731.example,u731,"p,731""x",n731
Entry 732,https://e732.example,u732,"p,732""x",n732
Entry 733,https://e733.example,u733,"p,733""x",n733
Entry 734,https://e734.example,u734,"p,734""x",n734
Entry 735,https://e735.example,u735,"p,735""x",n735
Entry 736,https://e736.example,u736,"p,736""x",n736
Entry 737,https://e737.example,u737,"p,737""x",n737
Entry 738,https://e738.example,u738,"p,738""x",n738
Entry 739,https://e739.example,u739,"p,739""x",n739
Entry 740,https://e740.example,u740,"p,740""x",n740
Entry 741,https://e741.example,u741,"p,741""x",n741
Entry 742,https://e742.example,u742,"p,742""x",n742
Entry 743,https://e743.example,u743,"p,743""x",n743
Entry 744,https://e744.example,u744,"p,744""x",n744
Entry 745,https://e745.example,u745,"p,745""x",n745
Entry 746,https://e746.example,u746,"p,746""x",n746
Entry 747,https://e747.example,u747,"p,747""x",n747
Entry 748,https://e748.example,u748,"p,748""x",n748
Entry 749,https://e749.example,u749,"p,749""x",n749
Entry 750,https://e750.example,u750,"p,750""x",n750
Entry 751,https://e751.example,u751,"p,751""x",n751
Entry 752,https://e752.example,u752,"p,752""x",n752
Entry 753,https://e753.example,u753,"p,753""x",n753
Entry 754,https://e754.example,u754,"p,754""x",n754
Entry 755,https://e755.example,u755,"p,755""x",n755
Entry 756,https://e756.example,u756,"p,756""x",n756
Entry 757,https://e757.example,u757,"p,757""x",n757
Entry 758,https://e758.example,u758,"p,758""x",n758
Entry 759,https://e759.example,u759,"p,759""x",n759
Entry 760,https://e760.example,u760,"p,760""x",n760
Entry 761,https://e761.example,u761,"p,761""x",n761
Entry 762,https://e762.example,u762,"p,762""x",n762
Entry 763,https://e763.example,u763,"p,763""x",n763
Entry 764,https://e764.example,u764,"p,764""x",n764
Entry 765,https://e765.example,u765,"p,765""x",n765
Entry 766,https://e766.example,u766,"p,766""x",n766
Entry 767,https://e767.example,u767,"p,767""x",n767
Entry 768,https://e768.example,u768,"p,768""x",n768
Entry 769,https://e769.example,u769,"p,769""x",n769
Entry 770,https://e770.example,u770,"p,770""x",n770
Entry 771,https://e771.example,u771,"p,771""x",n771
Entry 772,https://e772.example,u772,"p,772""x",n772
Entry 773,https://e773.example,u773,"p,773""x",n773
Entry 774,https://e774.example,u774,"p,774""x",n774
Entry 775,https://e775.example,u775,"p,775""x",n775
Entry 776,https://e776.example,u776,"p,776""x",n776
Entry 777,https://e777.example,u777,"p,777""x",n777
Entry 778,https://e778.example,u778,"p,778""x",n778
Entry 779,https://e779.example,u779,"p,779""x",n779
Entry 780,https://e780.example,u780,"p,780""x",n780
Entry 781,https://e781.example,u781,"p,781""x",n781
Entry 782,https://e782.example,u782,"p,782""x",n782
Entry 783,https://e783.example,u783,"p,783""x",n783
Entry 784,https://e784.example,u784,"p,784""x",n784
Entry 785,https://e785.example,u785,"p,785""x",n785
Entry 786,https://e786.example,u786,"p,786""x",n786
Entry 787,https://e787.example,u787,"p,787""x",n787
Entry 788,https://e788.example,u788,"p,788""x",n788
Entry 789,https://e789.example,u789,"p,789""x",n789
Entry 790,https://e790.example,u790,"p,790""x",n790
Entry 791,https://e791.example,u791,"p,791""x",n791
Entry 792,https://e792.example,u792,"p,792""x",n792
Entry 793,https://e793.example,u793,"p,793""x",n793
Entry 794,https://e794.example,u794,"p,794""x",n794
Entry 795,https://e795.example,u795,"p,795""x",n795
Entry 796,https://e796.example,u796,"p,796""x",n796
Entry 797,https://e797.example,u797,"p,797""x",n797
Entry 798,https://e798.example,u798,"p,798""x",n798
Entry 799,https://e799.example,u799,"p,799""x",n799
Entry 800,https://e800.example,u800,"p,800""x",n800
Entry 801,https://e801.example,u801,"p,801""x",n801
Entry 802,https://e802.example,u802,"p,802""x",n802
Entry 803,https://e803.example,u803,"p,803""x",n803
Entry 804,https://e804.example,u804,"p,804""x",n804
Entry 805,https://e805.example,u805,"p,805""x",n805
Entry 806,https://e806.example,u806,"p,806""x",n806
Entry 807,https://e807.example,u807,"p,807""x",n807
Entry 808,https://e808.example,u808,"p,808""x",n808
Entry 809,https://e809.example,u809,"p,809""x",n809
Entry 810,https://e810.example,u810,"p,810""x",n810
Entry 811,https://e811.example,u811,"p,811""x",n811
Entry 812,https://e812.example,u812,"p,812""x",n812
Entry 813,https://e813.example,u813,"p,813""x",n813
Entry 814,https://e814.example,u814,"p,814""x",n814
Entry 815,https://e815.example,u815,"p,815""x",n815
Entry 816,https://e816.example,u816,"p,816""x",n816
Entry 817,https://e817.example,u817,"p,817""x",n817
Entry 818,https://e818.example,u818,"p,818""x",n818
Entry 819,https://e819.example,u819,"p,819""x",n819
Entry 820,https://e820.example,u820,"p,820""x",n820
Entry 821,https://e821.example,u821,"p,821""x",n821
Entry 822,https://e822.example,u822,"p,822""x",n822
Entry 823,https://e823.example,u823,"p,823""x",n823
Entry 824,https://e824.example,u824,"p,824""x",n824
Entry 825,https://e825.example,u825,"p,825""x",n825
Entry 826,https://e826.example,u826,"p,826""x",n826
Entry 827,https://e827.example,u827,"p,827""x",n827
Entry 828,https://e828.example,u828,"p,828""x",n828
Entry 829,https://e829.example,u829,"p,829""x",n829
Entry 830,https://e830.example,u830,"p,830""x",n830
Entry 831,https://e831.example,u831,"p,831""x",n831
Entry 832,https://e832.example,u832,"p,832""x",n832
Entry 833,https://e833.example,u833,"p,833""x",n833
Entry 834,https://e834.example,u834,"p,834""x",n834
Entry 835,https://e835.example,u835,"p,835""x",n835
Entry 836,https://e836.example,u836,"p,836""x",n836
Entry 837,https://e837.example,u837,"p,837""x",n837
Entry 838,https://e838.example,u838,"p,838""x",n838
Entry 839,https://e839.example,u839,"p,839""x",n839
Entry 840,https://e840.example,u840,"p,840""x",n840
Entry 841,https://e841.example,u841,"p,841""x",n841
Entry 842,https://e842.example,u842,"p,842""x",n842
Entry 843,https://e843.example,u843,"p,843""x",n843
Entry 844,https://e844.example,u844,"p,844""x",n844
Entry 845,https://e845.example,u845,"p,845""x",n845
Entry 846,https://e846.example,u846,"p,846""x",n846
Entry 847,https://e847.example,u847,"p,847""x",n847
Entry 848,https://e848.example,u848,"p,848""x",n848
Entry 849,https://e849.example,u849,"p,849""x",n849
Entry 850,https://e850.example,u850,"p,850""x",n850
Entry 851,https://e851.example,u851,"p,851""x",n851
Entry 852,https://e852.example,u852,"p,852""x",n852
Entry 853,https://e853.example,u853,"p,853""x",n853
Entry 854,https://e854.example,u854,"p,854""x",n854
Entry 855,https://e855.example,u855,"p,855""x",n855
Entry 856,https://e856.example,u856,"p,856""x",n856
Entry 857,https://e857.example,u857,"p,857""x",n857
Entry 858,https://e858.example,u858,"p,858""x",n858
Entry 859,https://e859.example,u859,"p,859""x",n859
Entry 860,https://e860.example,u860,"p,860""x",n860
Entry 861,https://e861.example,u861,"p,861""x",n861
Entry 862,https://e862.example,u862,"p,862""x",n862
Entry 863,https://e863.example,u863,"p,863""x",n863
Entry 864,https://e864.example,u864,"p,864""x",n864
Entry 865,https://e865.example,u865,"p,865""x",n865
Entry 866,https://e866.example,u866,"p,866""x",n866
Entry 867,https://e867.example,u867,"p,867""x",n867
Entry 868,https://e868.example,u868,"p,868""x",n868
Entry 869,https://e869.example,u869,"p,869""x",n869
Entry 870,https://e870.example,u870,"p,870""x",n870
Entry 871,https://e871.example,u871,"p,871""x",n871
Entry 872,https://e872.example,u872,"p,872""x",n872
Entry 873,https://e873.example,u873,"p,873""x",n873
Entry 874,https://e874.example,u874,"p,874""x",n874
Entry 875,https://e875.example,u875,"p,875""x",n875
Entry 876,https://e876.example,u876,"p,876""x",n876
Entry 877,https://e877.example,u877,"p,877""x",n877
Entry 878,https://e878.example,u878,"p,878""x",n878
Entry 879,https://e879.example,u879,"p,879""x",n879
Entry 880,https://e880.example,u880,"p,880""x",n880
Entry 881,https://e881.example,u881,"p,881""x",n881
Entry 882,https://e882.example,u882,"p,882""x",n882
Entry 883,https://e883.example,u883,"p,883""x",n883
Entry 884,https://e884.example,u884,"p,884""x",n884
Entry 885,https://e885.example,u885,"p,885""x",n885
Entry 886,https://e886.example,u886,"p,886""x",n886
Entry 887,https://e887.example,u887,"p,887""x",n887
Entry 888,https://e888.example,u888,"p,888""x",n888
Entry 889,https://e889.example,u889,"p,889""x",n889
Entry 890,https://e890.example,u890,"p,890""x",n890
Entry 891,https://e891.example,u891,"p,891""x",n891
Entry 892,https://e892.example,u892,"p,892""x",n892
Entry 893,https://e893.example,u893,"p,893""x",n893
Entry 894,https://e894.example,u894,"p,894""x",n894
Entry 895,https://e895.example,u895,"p,895""x",n895
Entry 896,https://e896.example,u896,"p,896""x",n896
Entry 897,https://e897.example,u897,"p,897""x",n897
Entry 898,https://e898.example,u898,"p,898""x",n898
Entry 899,https://e899.example,u899,"p,899""x",n899
Entry 900,https://e900.example,u900,"p,900""x",n900
Entry 901,https://e901.example,u901,"p,901""x",n901
Entry 902,https://e902.example,u902,"p,902""x",n902
Entry 903,https://e903.example,u903,"p,903""x",n903
Entry 904,https://e904.example,u904,"p,904""x",n904
Entry 905,https://e905.example,u905,"p,905""x",n905
Entry 906,https://e906.example,u906,"p,906""x",n906
Entry 907,https://e907.example,u907,"p,907""x",n907
Entry 908,https://e908.example,u908,"p,908""x",n908
Entry 909,https://e909.example,u909,"p,909""x",n909
Entry 910,https://e910.example,u910,"p,910""x",n910
Entry 911,https://e911.example,u911,"p,911""x",n911
Entry 912,https://e912.example,u912,"p,912""x",n912
Entry 913,https://e913.example,u913,"p,913""x",n913
Entry 914,https://e914.example,u914,"p,914""x",n914
Entry 915,https://e915.example,u915,"p,915""x",n915
Entry 916,https://e916.example,u916,"p,916""x",n916
Entry 917,https://e917.example,u917,"p,917""x",n917
Entry 918,https://e918.example,u918,"p,918""x",n918
Entry 919,https://e919.example,u919,"p,919""x",n919
Entry 920,https://e920.example,u920,"p,920""x",n920
Entry 921,https://e921.example,u921,"p,921""x",n921
Entry 922,https://e922.example,u922,"p,922""x",n922
Entry 923,https://e923.example,u923,"p,923""x",n923
Entry 924,https://e924.example,u924,"p,924""x",n924
Entry 925,https://e925.example,u925,"p,925""x",n925
Entry 926,https://e926.example,u926,"p,926""x",n926
Entry 927,https://e927.example,u927,"p,927""x",n927
Entry 928,https://e928.example,u928,"p,928""x",n928
Entry 929,https://e929.example,u929,"p,929""x",n929
Entry 930,https://e930.example,u930,"p,930""x",n930
Entry 931,https://e931.example,u931,"p,931""x",n931
Entry 932,https://e932.example,u932,"p,932""x",n932
Entry 933,https://e933.example,u933,"p,933""x",n933
Entry 934,https://e934.example,u934,"p,934""x",n934
Entry 935,https://e935.example,u935,"p,935""x",n935
Entry 936,https://e936.example,u936,"p,936""x",n936
Entry 937,https://e937.example,u937,"p,937""x",n937
Entry 938,https://e938.example,u938,"p,938""x",n938
Entry 939,https://e939.example,u939,"p,939""x",n939
Entry 940,https://e940.example,u940,"p,940""x",n940
Entry 941,https://e941.example,u941,"p,941""x",n941
Entry 942,https://e942.example,u942,"p,942""x",n942
Entry 943,https://e943.example,u943,"p,943""x",n943
Entry 944,https://e944.example,u944,"p,944""x",n944
Entry 945,https://e945.example,u945,"p,945""x",n945
Entry 946,https://e946.example,u946,"p,946""x",n946
Entry 947,https://e947.example,u947,"p,947""x",n947
Entry 948,https://e948.example,u948,"p,948""x",n948
Entry 949,https://e949.example,u949,"p,949""x",n949
Entry 950,https://e950.example,u950,"p,950""x",n950
Entry 951,https://e951.example,u951,"p,951""x",n951
Entry 952,https://e952.example,u952,"p,952""x",n952
Entry 953,https://e953.example,u953,"p,953""x",n953
Entry 954,https://e954.example,u954,"p,954""x",n954
Entry 955,https://e955.example,u955,"p,955""x",n955
Entry 956,https://e956.example,u956,"p,956""x",n956
Entry 957,https://e957.example,u957,"p,957""x",n957
Entry 958,https://e958.example,u958,"p,958""x",n958
Entry 959,https://e959.example,u959,"p,959""x",n959
Entry 960,https://e960.example,u960,"p,960""x",n960
Entry 961,https://e961.example,u961,"p,961""x",n961
Entry 962,https://e962.example,u962,"p,962""x",n962
Entry 963,https://e963.example,u963,"p,963""x",n963
Entry 964,https://e964.example,u964,"p,964""x",n964
Entry 965,https://e965.example,u965,"p,965""x",n965
Entry 966,https://e966.example,u966,"p,966""x",n966
Entry 967,https://e967.example,u967,"p,967""x",n967
Entry 968,https://e968.example,u968,"p,968""x",n968
Entry 969,https://e969.example,u969,"p,969""x",n969
Entry 970,https://e970.example,u970,"p,970""x",n970
Entry 971,https://e971.example,u971,"p,971""x",n971
Entry 972,https://e972.example,u972,"p,972""x",n972
Entry 973,https://e973.example,u973,"p,973""x",n973
Entry 974,https://e974.example,u974,"p,974""x",n974
Entry 975,https://e975.example,u975,"p,975""x",n975
Entry 976,https://e976.example,u976,"p,976""x",n976
Entry 977,https://e977.example,u977,"p,977""x",n977
Entry 978,https://e978.example,u978,"p,978""x",n978
Entry 979,https://e979.example,u979,"p,979""x",n979
Entry 980,https://e980.example,u980,"p,980""x",n980
Entry 981,https://e981.example,u981,"p,981""x",n981
Entry 982,https://e982.example,u982,"p,982""x",n982
Entry 983,https://e983.example,u983,"p,983""x",n983
Entry 984,https://e984.example,u984,"p,984""x",n984
Entry 985,https://e985.example,u985,"p,985""x",n985
Entry 986,https://e986.example,u986,"p,986""x",n986
Entry 987,https://e987.example,u987,"p,987""x",n987
Entry 988,https://e988.example,u988,"p,988""x",n988
Entry 989,https://e989.example,u989,"p,989""x",n989
Entry 990,https://e990.example,u990,"p,990""x",n990
Entry 991,https://e991.example,u991,"p,991""x",n991
Entry 992,https://e992.example,u992,"p,992""x",n992
Entry 993,https://e993.example,u993,"p,993""x",n993
Entry 994,https://e994.example,u994,"p,994""x",n994
Entry 995,https://e995.example,u995,"p,995""x",n995
Entry 996,https://e996.example,u996,"p,996""x",n996
Entry 997,https://e997.example,u997,"p,997""x",n997
Entry 998,https://e998.example,u998,"p,998""x",n998
Entry 999,https://e999.example,u999,"p,999""x",n999
Entry 1000,https://e1000.example,u1000,"p,1000""x",n1000
Entry 1001,https://e1001.example,u1001,"p,1001""x",n1001
Entry 1002,https://e1002.example,u1002,"p,1002""x",n1002
Entry 1003,https://e1003.example,u1003,"p,1003""x",n1003
Entry 1004,https://e1004.example,u1004,"p,1004""x",n1004
Entry 1005,https://e1005.example,u1005,"p,1005""x",n1005
Entry 1006,https://e1006.example,u1006,"p,1006""x",n1006
Entry 1007,https://e1007.example,u1007,"p,1007""x",n1007
Entry 1008,https://e1008.example,u1008,"p,1008""x",n1008
Entry 1009,https://e1009.example,u1009,"p,1009""x",n1009
Entry 1010,https://e1010.example,u1010,"p,1010""x",n1010
Entry 1011,https://e1011.example,u1011,"p,1011""x",n1011
Entry 1012,https://e1012.example,u1012,"p,1012""x",n1012
Entry 1013,https://e1013.example,u1013,"p,1013""x",n1013
Entry 1014,https://e1014.example,u1014,"p,1014""x",n1014
Entry 1015,https://e1015.example,u1015,"p,1015""x",n1015
Entry 1016,https://e1016.example,u1016,"p,1016""x",n1016
Entry 1017,https://e1017.example,u1017,"p,1017""x",n1017
Entry 1018,https://e1018.example,u1018,"p,1018""x",n1018
Entry 1019,https://e1019.example,u1019,"p,1019""x",n1019
Entry 1020,https://e1020.example,u1020,"p,1020""x",n1020
Entry 1021,https://e1021.example,u1021,"p,1021""x",n1021
Entry 1022,https://e1022.example,u1022,"p,1022""x",n1022
Entry 1023,https://e1023.example,u1023,"p,1023""x",n1023
Entry 1024,https://e1024.example,u1024,"p,1024""x",n1024
Entry 1025,https://e1025.example,u1025,"p,1025""x",n1025
Entry 1026,https://e1026.example,u1026,"p,1026""x",n1026
Entry 1027,https://e1027.example,u1027,"p,1027""x",n1027
Entry 1028,https://e1028.example,u1028,"p,1028""x",n1028
Entry 1029,https://e1029.example,u1029,"p,1029""x",n1029
Entry 1030,https://e1030.example,u1030,"p,1030""x",n1030
Entry 1031,https://e1031.example,u1031,"p,1031""x",n1031
Entry 1032,https://e1032.example,u1032,"p,1032""x",n1032
Entry 1033,https://e1033.example,u1033,"p,1033""x",n1033
Entry 1034,https://e1034.example,u1034,"p,1034""x",n1034
Entry 1035,https://e1035.example,u1035,"p,1035""x",n1035
Entry 1036,https://e1036.example,u1036,"p,1036""x",n1036
Entry 1037,https://e1037.example,u1037,"p,1037""x",n1037
Entry 1038,https://e1038.example,u1038,"p,1038""x",n1038
Entry 1039,https://e1039.example,u1039,"p,1039""x",n1039
Entry 1040,https://e1040.example,u1040,"p,1040""x",n1040
Entry 1041,https://e1041.example,u1041,"p,1041""x",n1041
Entry 1042,https://e1042.example,u1042,"p,1042""x",n1042
Entry 1043,https://e1043.example,u1043,"p,1043""x",n1043
Entry 1044,https://e1044.example,u1044,"p,1044""x",n1044
Entry 1045,https://e1045.example,u1045,"p,1045""x",n1045
Entry 1046,https://e1046.example,u1046,"p,1046""x",n1046
Entry 1047,https://e1047.example,u1047,"p,1047""x",n1047
Entry 1048,https://e1048.example,u1048,"p,1048""x",n1048
Entry 1049,https://e1049.example,u1049,"p,1049""x",n1049
Entry 1050,https://e1050.example,u1050,"p,1050""x",n1050
Entry 1051,https://e1051.example,u1051,"p,1051""x",n1051
Entry 1052,https://e1052.example,u1052,"p,1052""x",n1052
Entry 1053,https://e1053.example,u1053,"p,1053""x",n1053
Entry 1054,https://e1054.example,u1054,"p,1054""x",n1054
Entry 1055,https://e1055.example,u1055,"p,1055""x",n1055
Entry 1056,https://e1056.example,u1056,"p,1056""x",n1056
Entry 1057,https://e1057.example,u1057,"p,1057""x",n1057
Entry 1058,https://e1058.example,u1058,"p,1058""x",n1058
Entry 1059,https://e1059.example,u1059,"p,1059""x",n1059
Entry 1060,https://e1060.example,u1060,"p,1060""x",n1060
Entry 1061,https://e1061.example,u1061,"p,1061""x",n1061
Entry 1062,https://e1062.example,u1062,"p,1062""x",n1062
Entry 1063,https://e1063.example,u1063,"p,1063""x",n1063
Entry 1064,https://e1064.example,u1064,"p,1064""x",n1064
Entry 1065,https://e1065.example,u1065,"p,1065""x",n1065
Entry 1066,https://e1066.example,u1066,"p,1066""x",n1066
Entry 1067,https://e1067.example,u1067,"p,1067""x",n1067
Entry 1068,https://e1068.example,u1068,"p,1068""x",n1068
Entry 1069,https://e1069.example,u1069,"p,1069""x",n1069
Entry 1070,https://e1070.example,u1070,"p,1070""x",n1070
Entry 1071,https://e1071.example,u1071,"p,1071""x",n1071
Entry 1072,https://e1072.example,u1072,"p,1072""x",n1072
Entry 1073,https://e1073.example,u1073,"p,1073""x",n1073
Entry 1074,https://e1074.example,u1074,"p,1074""x",n1074
Entry 1075,https://e1075.example,u1075,"p,1075""x",n1075
Entry 1076,https://e1076.example,u1076,"p,1076""x",n1076
Entry 1077,https://e1077.example,u1077,"p,1077""x",n1077
Entry 1078,https://e1078.example,u1078,"p,1078""x",n1078
Entry 1079,https://e1079.example,u1079,"p,1079""x",n1079
Entry 1080,https://e1080.example,u1080,"p,1080""x",n1080
Entry 1081,https://e1081.example,u1081,"p,1081""x",n1081
Entry 1082,https://e1082.example,u1082,"p,1082""x",n1082
Entry 1083,https://e1083.example,u1083,"p,1083""x",n1083
Entry 1084,https://e1084.example,u1084,"p,1084""x",n1084
Entry 1085,https://e1085.example,u1085,"p,1085""x",n1085
Entry 1086,https://e1086.example,u1086,"p,1086""x",n1086
Entry 1087,https://e1087.example,u1087,"p,1087""x",n1087
Entry 1088,https://e1088.example,u1088,"p,1088""x",n1088
Entry 1089,https://e1089.example,u1089,"p,1089""x",n1089
Entry 1090,https://e1090.example,u1090,"p,1090""x",n1090
Entry 1091,https://e1091.example,u1091,"p,1091""x",n1091
Entry 1092,https://e1092.example,u1092,"p,1092""x",n1092
Entry 1093,https://e1093.example,u1093,"p,1093""x",n1093
Entry 1094,https://e1094.example,u1094,"p,1094""x",n1094
Entry 1095,https://e1095.example,u1095,"p,1095""x",n1095
Entry 1096,https://e1096.example,u1096,"p,1096""x",n1096
Entry 1097,https://e1097.example,u1097,"p,1097""x",n1097
Entry 1098,https://e1098.example,u1098,"p,1098""x",n1098
Entry 1099,https://e1099.example,u1099,"p,1099""x",n1099
Entry 1100,https://e1100.example,u1100,"p,1100""x",n1100
Entry 1101,https://e1101.example,u1101,"p,1101""x",n1101
Entry 1102,https://e1102.example,u1102,"p,1102""x",n1102
Entry 1103,https://e1103.example,u1103,"p,1103""x",n1103
Entry 1104,https://e1104.example,u1104,"p,1104""x",n1104
Entry 1105,https://e1105.example,u1105,"p,1105""x",n1105
Entry 1106,https://e1106.example,u1106,"p,1106""x",n1106
Entry 1107,https://e1107.example,u1107,"p,1107""x",n1107
Entry 1108,https://e1108.example,u1108,"p,1108""x",n1108
Entry 1109,https://e1109.example,u1109,"p,1109""x",n1109
Entry 1110,https://e1110.example,u1110,"p,1110""x",n1110
Entry 1111,https://e1111.example,u1111,"p,1111""x",n1111
Entry 1112,https://e1112.example,u1112,"p,1112""x",n1112
Entry 1113,https://e1113.example,u1113,"p,1113""x",n1113
Entry 1114,https://e1114.example,u1114,"p,1114""x",n1114
Entry 1115,https://e1115.example,u1115,"p,1115""x",n1115
Entry 1116,https://e1116.example,u1116,"p,1116""x",n1116
Entry 1117,https://e1117.example,u1117,"p,1117""x",n1117
Entry 1118,https://e1118.example,u1118,"p,1118""x",n1118
Entry 1119,https://e1119.example,u1119,"p,1119""x",n1119
Entry 1120,https://e1120.example,u1120,"p,1120""x",n1120
Entry 1121,https://e1121.example,u1121,"p,1121""x",n1121
Entry 1122,https://e1122.example,u1122,"p,1122""x",n1122
Entry 1123,https://e1123.example,u1123,"p,1123""x",n1123
Entry 1124,https://e1124.example,u1124,"p,1124""x",n1124
Entry 1125,https://e1125.example,u1125,"p,1125""x",n1125
Entry 1126,https://e1126.example,u1126,"p,1126""x",n1126
Entry 1127,https://e1127.example,u1127,"p,1127""x",n1127
Entry 1128,https://e1128.example,u1128,"p,1128""x",n1128
Entry 1129,https://e1129.example,u1129,"p,1129""x",n1129
Entry 1130,https://e1130.example,u1130,"p,1130""x",n1130
Entry 1131,https://e1131.example,u1131,"p,1131""x",n1131
Entry 1132,https://e1132.example,u1132,"p,1132""x",n1132
Entry 1133,https://e1133.example,u1133,"p,1133""x",n1133
Entry 1134,https://e1134.example,u1134,"p,1134""x",n1134
Entry 1135,https://e1135.example,u1135,"p,1135""x",n1135
Entry 1136,https://e1136.example,u1136,"p,1136""x",n1136
Entry 1137,https://e1137.example,u1137,"p,1137""x",n1137
Entry 1138,https://e1138.example,u1138,"p,1138""x",n1138
Entry 1139,https://e1139.example,u1139,"p,1139""x",n1139
Entry 1140,https://e1140.example,u1140,"p,1140""x",n1140
Entry 1141,https://e1141.example,u1141,"p,1141""x",n1141
Entry 1142,https://e1142.example,u1142,"p,1142""x",n1142
Entry 1143,https://e1143.example,u1143,"p,1143""x",n1143
Entry 1144,https://e1144.example,u1144,"p,1144""x",n1144
Entry 1145,https://e1145.example,u1145,"p,1145""x",n1145
Entry 1146,https://e1146.example,u1146,"p,1146""x",n1146
Entry 1147,https://e1147.example,u1147,"p,1147""x",n1147
Entry 1148,https://e1148.example,u1148,"p,1148""x",n1148
Entry 1149,https://e1149.example,u1149,"p,1149""x",n1149
Entry 1150,https://e1150.example,u1150,"p,1150""x",n1150
Entry 1151,https://e1151.example,u1151,"p,1151""x",n1151
Entry 1152,https://e1152.example,u1152,"p,1152""x",n1152
Entry 1153,https://e1153.example,u1153,"p,1153""x",n1153
Entry 1154,https://e1154.example,u1154,"p,1154""x",n1154
Entry 1155,https://e1155.example,u1155,"p,1155""x",n1155
Entry 1156,https://e1156.example,u1156,"p,1156""x",n1156
Entry 1157,https://e1157.example,u1157,"p,1157""x",n1157
Entry 1158,https://e1158.example,u1158,"p,1158""x",n1158
Entry 1159,https://e1159.example,u1159,"p,1159""x",n1159
Entry 1160,https://e1160.example,u1160,"p,1160""x",n1160
Entry 1161,https://e1161.example,u1161,"p,1161""x",n1161
Entry 1162,https://e1162.example,u1162,"p,1162""x",n1162
Entry 1163,https://e1163.example,u1163,"p,1163""x",n1163
Entry 1164,https://e1164.example,u1164,"p,1164""x",n1164
Entry 1165,https://e1165.example,u1165,"p,1165""x",n1165
Entry 1166,https://e1166.example,u1166,"p,1166""x",n1166
Entry 1167,https://e1167.example,u1167,"p,1167""x",n1167
Entry 1168,https://e1168.example,u1168,"p,1168""x",n1168
Entry 1169,https://e1169.example,u1169,"p,1169""x",n1169
Entry 1170,https://e1170.example,u1170,"p,1170""x",n1170
Entry 1171,https://e1171.example,u1171,"p,1171""x",n1171
Entry 1172,https://e1172.example,u1172,"p,1172""x",n1172
Entry 1173,https://e1173.example,u1173,"p,1173""x",n1173
Entry 1174,https://e1174.example,u1174,"p,1174""x",n1174
Entry 1175,https://e1175.example,u1175,"p,1175""x",n1175
Entry 1176,https://e1176.example,u1176,"p,1176""x",n1176
Entry 1177,https://e1177.example,u1177,"p,1177""x",n1177
Entry 1178,https://e1178.example,u1178,"p,1178""x",n1178
Entry 1179,https://e1179.example,u1179,"p,1179""x",n1179
Entry 1180,https://e1180.example,u1180,"p,1180""x",n1180
Entry 1181,https://e1181.example,u1181,"p,1181""x",n1181
Entry 1182,https://e1182.example,u1182,"p,1182""x",n1182
Entry 1183,https://e1183.example,u1183,"p,1183""x",n1183
Entry 1184,https://e1184.example,u1184,"p,1184""x",n1184
Entry 1185,https://e1185.example,u1185,"p,1185""x",n1185
Entry 1186,https://e1186.example,u1186,"p,1186""x",n1186
Entry 1187,https://e1187.example,u1187,"p,1187""x",n1187
Entry 1188,https://e1188.example,u1188,"p,1188""x",n1188
Entry 1189,https://e1189.example,u1189,"p,1189""x",n1189
Entry 1190,https://e1190.example,u1190,"p,1190""x",n1190
Entry 1191,https://e1191.example,u1191,"p,1191""x",n1191
Entry 1192,https://e1192.example,u1192,"p,1192""x",n1192
Entry 1193,https://e1193.example,u1193,"p,1193""x",n1193
Entry 1194,https://e1194.example,u1194,"p,1194""x",n1194
Entry 1195,https://e1195.example,u1195,"p,1195""x",n1195
Entry 1196,https://e1196.example,u1196,"p,1196""x",n1196
Entry 1197,https://e1197.example,u1197,"p,1197""x",n1197
Entry 1198,https://e1198.example,u1198,"p,1198""x",n1198
Entry 1199,https://e1199.example,u1199,"p,1199""x",n1199
Entry 1200,https://e1200.example,u1200,"p,1200""x",n1200
Entry 1201,https://e1201.example,u1201,"p,1201""x",n1201
Entry 1202,https://e1202.example,u1202,"p,1202""x",n1202
Entry 1203,https://e1203.example,u1203,"p,1203""x",n1203
Entry 1204,https://e1204.example,u1204,"p,1204""x",n1204
Entry 1205,https://e1205.example,u1205,"p,1205""x",n1205
Entry 1206,https://e1206.example,u1206,"p,1206""x",n1206
Entry 1207,https://e1207.example,u1207,"p,1207""x",n1207
Entry 1208,https://e1208.example,u1208,"p,1208""x",n1208
Entry 1209,https://e1209.example,u1209,"p,1209""x",n1209
Entry 1210,https://e1210.example,u1210,"p,1210""x",n1210
Entry 1211,https://e1211.example,u1211,"p,1211""x",n1211
Entry 1212,https://e1212.example,u1212,"p,1212""x",n1212
Entry 1213,https://e1213.example,u1213,"p,1213""x",n1213
Entry 1214,https://e1214.example,u1214,"p,1214""x",n1214
Entry 1215,https://e1215.example,u1215,"p,1215""x",n1215
Entry 1216,https://e1216.example,u1216,"p,1216""x",n1216
Entry 1217,https://e1217.example,u1217,"p,1217""x",n1217
Entry 1218,https://e1218.example,u1218,"p,1218""x",n1218
Entry 1219,https://e1219.example,u1219,"p,1219""x",n1219
Entry 1220,https://e1220.example,u1220,"p,1220""x",n1220
Entry 1221,https://e1221.example,u1221,"p,1221""x",n1221
Entry 1222,https://e1222.example,u1222,"p,1222""x",n1222
Entry 1223,https://e1223.example,u1223,"p,1223""x",n1223
Entry 1224,https://e1224.example,u1224,"p,1224""x",n1224
Entry 1225,https://e1225.example,u1225,"p,1225""x",n1225
Entry 1226,https://e1226.example,u1226,"p,1226""x",n1226
Entry 1227,https://e1227.example,u1227,"p,1227""x",n1227
Entry 1228,https://e1228.example,u1228,"p,1228""x",n1228
Entry 1229,https://e1229.example,u1229,"p,1229""x",n1229
Entry 1230,https://e1230.example,u1230,"p,1230""x",n1230
Entry 1231,https://e1231.example,u1231,"p,1231""x",n1231
Entry 1232,https://e1232.example,u1232,"p,1232""x",n1232
Entry 1233,https://e1233.example,u1233,"p,1233""x",n1233
Entry 1234,https://e1234.example,u1234,"p,1234""x",n1234
Entry 1235,https://e1235.example,u1235,"p,1235""x",n1235
Entry 1236,https://e1236.example,u1236,"p,1236""x",n1236
Entry 1237,https://e1237.example,u1237,"p,1237""x",n1237
Entry 1238,https://e1238.example,u1238,"p,1238""x",n1238
Entry 1239,https://e1239.example,u1239,"p,1239""x",n1239
Entry 1240,https://e1240.example,u1240,"p,1240""x",n1240
Entry 1241,https://e1241.example,u1241,"p,1241""x",n1241
Entry 1242,https://e1242.example,u1242,"p,1242""x",n1242
Entry 1243,https://e1243.example,u1243,"p,1243""x",n1243
Entry 1244,https://e1244.example,u1244,"p,1244""x",n1244
Entry 1245,https://e1245.example,u1245,"p,1245""x",n1245
Entry 1246,https://e1246.example,u1246,"p,1246""x",n1246
Entry 1247,https://e1247.example,u1247,"p,1247""x",n1247
Entry 1248,https://e1248.example,u1248,"p,1248""x",n1248
Entry 1249,https://e1249.example,u1249,"p,1249""x",n1249
Entry 1250,https://e1250.example,u1250,"p,1250""x",n1250
Entry 1251,https://e1251.example,u1251,"p,1251""x",n1251
Entry 1252,https://e1252.example,u1252,"p,1252""x",n1252
Entry 1253,https://e1253.example,u1253,"p,1253""x",n1253
Entry 1254,https://e1254.example,u1254,"p,1254""x",n1254
Entry 1255,https://e1255.example,u1255,"p,1255""x",n1255
Entry 1256,https://e1256.example,u1256,"p,1256""x",n1256
Entry 1257,https://e1257.example,u1257,"p,1257""x",n1257
Entry 1258,https://e1258.example,u1258,"p,1258""x",n1258
Entry 1259,https://e1259.example,u1259,"p,1259""x",n1259
Entry 1260,https://e1260.example,u1260,"p,1260""x",n1260
Entry 1261,https://e1261.example,u1261,"p,1261""x",n1261
Entry 1262,https://e1262.example,u1262,"p,1262""x",n1262
Entry 1263,https://e1263.example,u1263,"p,1263""x",n1263
Entry 1264,https://e1264.example,u1264,"p,1264""x",n1264
Entry 1265,https://e1265.example,u1265,"p,1265""x",n1265
Entry 1266,https://e1266.example,u1266,"p,1266""x",n1266
Entry 1267,https://e1267.example,u1267,"p,1267""x",n1267
Entry 1268,https://e1268.example,u1268,"p,1268""x",n1268
Entry 1269,https://e1269.example,u1269,"p,1269""x",n1269
Entry 1270,https://e1270.example,u1270,"p,1270""x",n1270
Entry 1271,https://e1271.example,u1271,"p,1271""x",n1271
Entry 1272,https://e1272.example,u1272,"p,1272""x",n1272
Entry 1273,https://e1273.example,u1273,"p,1273""x",n1273
Entry 1274,https://e1274.example,u1274,"p,1274""x",n1274
Entry 1275,https://e1275.example,u1275,"p,1275""x",n1275
Entry 1276,https://e1276.example,u1276,"p,1276""x",n1276
Entry 1277,https://e1277.example,u1277,"p,1277""x",n1277
Entry 1278,https://e1278.example,u1278,"p,1278""x",n1278
Entry 1279,https://e1279.example,u1279,"p,1279""x",n1279
Entry 1280,https://e1280.example,u1280,"p,1280""x",n1280
Entry 1281,https://e1281.example,u1281,"p,1281""x",n1281
Entry 1282,https://e1282.example,u1282,"p,1282""x",n1282
Entry 1283,https://e1283.example,u1283,"p,1283""x",n1283
Entry 1284,https://e1284.example,u1284,"p,1284""x",n1284
Entry 1285,https://e1285.example,u1285,"p,1285""x",n1285
Entry 1286,https://e1286.example,u1286,"p,1286""x",n1286
Entry 1287,https://e1287.example,u1287,"p,1287""x",n1287
Entry 1288,https://e1288.example,u1288,"p,1288""x",n1288
Entry 1289,https://e1289.example,u1289,"p,1289""x",n1289
Entry 1290,https://e1290.example,u1290,"p,1290""x",n1290
Entry 1291,https://e1291.example,u1291,"p,1291""x",n1291
Entry 1292,https://e1292.example,u1292,"p,1292""x",n1292
Entry 1293,https://e1293.example,u1293,"p,1293""x",n1293
Entry 1294,https://e1294.example,u1294,"p,1294""x",n1294
Entry 1295,https://e1295.example,u1295,"p,1295""x",n1295
Entry 1296,https://e1296.example,u1296,"p,1296""x",n1296
Entry 1297,https://e1297.example,u1297,"p,1297""x",n1297
Entry 1298,https://e1298.example,u1298,"p,1298""x",n1298
Entry 1299,https://e1299.example,u1299,"p,1299""x",n1299
Entry 1300,https://e1300.example,u1300,"p,1300""x",n1300
Entry 1301,https://e1301.example,u1301,"p,1301""x",n1301
Entry 1302,https://e1302.example,u1302,"p,1302""x",n1302
Entry 1303,https://e1303.example,u1303,"p,1303""x",n1303
Entry 1304,https://e1304.example,u1304,"p,1304""x",n1304
Entry 1305,https://e1305.example,u1305,"p,1305""x",n1305
Entry 1306,https://e1306.example,u1306,"p,1306""x",n1306
Entry 1307,https://e1307.example,u1307,"p,1307""x",n1307
Entry 1308,https://e1308.example,u1308,"p,1308""x",n1308
Entry 1309,https://e1309.example,u1309,"p,1309""x",n1309
Entry 1310,https://e1310.example,u1310,"p,1310""x",n1310
Entry 1311,https://e1311.example,u1311,"p,1311""x",n1311
Entry 1312,https://e1312.example,u1312,"p,1312""x",n1312
Entry 1313,https://e1313.example,u1313,"p,1313""x",n1313
Entry 1314,https://e1314.example,u1314,"p,1314""x",n1314
Entry 1315,https://e1315.example,u1315,"p,1315""x",n1315
Entry 1316,https://e1316.example,u1316,"p,1316""x",n1316
Entry 1317,https://e1317.example,u1317,"p,1317""x",n1317
Entry 1318,https://e1318.example,u1318,"p,1318""x",n1318
Entry 1319,https://e1319.example,u1319,"p,1319""x",n1319
Entry 1320,https://e1320.example,u1320,"p,1320""x",n1320
Entry 1321,https://e1321.example,u1321,"p,1321""x",n1321
Entry 1322,https://e1322.example,u1322,"p,1322""x",n1322
Entry 1323,https://e1323.example,u1323,"p,1323""x",n1323
Entry 1324,https://e1324.example,u1324,"p,1324""x",n1324
Entry 1325,https://e1325.example,u1325,"p,1325""x",n1325
Entry 1326,https://e1326.example,u1326,"p,1326""x",n1326
Entry 1327,https://e1327.example,u1327,"p,1327""x",n1327
Entry 1328,https://e1328.example,u1328,"p,1328""x",n1328
Entry 1329,https://e1329.example,u1329,"p,1329""x",n1329
Entry 1330,https://e1330.example,u1330,"p,1330""x",n1330
Entry 1331,https://e1331.example,u1331,"p,1331""x",n1331
Entry 1332,https://e1332.example,u1332,"p,1332""x",n1332
Entry 1333,https://e1333.example,u1333,"p,1333""x",n1333
Entry 1334,https://e1334.example,u1334,"p,1334""x",n1334
Entry 1335,https://e1335.example,u1335,"p,1335""x",n1335
Entry 1336,https://e1336.example,u1336,"p,1336""x",n1336
Entry 1337,https://e1337.example,u1337,"p,1337""x",n1337
Entry 1338,https://e1338.example,u1338,"p,1338""x",n1338
Entry 1339,https://e1339.example,u1339,"p,1339""x",n1339
Entry 1340,https://e1340.example,u1340,"p,1340""x",n1340
Entry 1341,https://e1341.example,u1341,"p,1341""x",n1341
Entry 1342,https://e1342.example,u1342,"p,1342""x",n1342
Entry 1343,https://e1343.example,u1343,"p,1343""x",n1343
Entry 1344,https://e1344.example,u1344,"p,1344""x",n1344
Entry 1345,https://e1345.example,u1345,"p,1345""x",n1345
Entry 1346,https://e1346.example,u1346,"p,1346""x",n1346
Entry 1347,https://e1347.example,u1347,"p,1347""x",n1347
Entry 1348,https://e1348.example,u1348,"p,1348""x",n1348
Entry 1349,https://e1349.example,u1349,"p,1349""x",n1349
Entry 1350,https://e1350.example,u1350,"p,1350""x",n1350
Entry 1351,https://e1351.example,u1351,"p,1351""x",n1351
Entry 1352,https://e1352.example,u1352,"p,1352""x",n1352
Entry 1353,https://e1353.example,u1353,"p,1353""x",n1353
Entry 1354,https://e1354.example,u1354,"p,1354""x",n1354
Entry 1355,https://e1355.example,u1355,"p,1355""x",n1355
Entry 1356,https://e1356.example,u1356,"p,1356""x",n1356
Entry 1357,https://e1357.example,u1357,"p,1357""x",n1357
Entry 1358,https://e1358.example,u1358,"p,1358""x",n1358
Entry 1359,https://e1359.example,u1359,"p,1359""x",n1359
Entry 1360,https://e1360.example,u1360,"p,1360""x",n1360
Entry 1361,https://e1361.example,u1361,"p,1361""x",n1361
Entry 1362,https://e1362.example,u1362,"p,1362""x",n1362
Entry 1363,https://e1363.example,u1363,"p,1363""x",n1363
Entry 1364,https://e1364.example,u1364,"p,1364""x",n1364
Entry 1365,https://e1365.example,u1365,"p,1365""x",n1365
Entry 1366,https://e1366.example,u1366,"p,1366""x",n1366
Entry 1367,https://e1367.example,u1367,"p,1367""x",n1367
Entry 1368,https://e1368.example,u1368,"p,1368""x",n1368
Entry 1369,https://e1369.example,u1369,"p,1369""x",n1369
Entry 1370,https://e1370.example,u1370,"p,1370""x",n1370
Entry 1371,https://e1371.example,u1371,"p,1371""x",n1371
Entry 1372,https://e1372.example,u1372,"p,1372""x",n1372
Entry 1373,https://e1373.example,u1373,"p,1373""x",n1373
Entry 1374,https://e1374.example,u1374,"p,1374""x",n1374
Entry 1375,https://e1375.example,u1375,"p,1375""x",n1375
Entry 1376,https://e1376.example,u1376,"p,1376""x",n1376
Entry 1377,https://e1377.example,u1377,"p,1377""x",n1377
Entry 1378,https://e1378.example,u1378,"p,1378""x",n1378
Entry 1379,https://e1379.example,u1379,"p,1379""x",n1379
Entry 1380,https://e1380.example,u1380,"p,1380""x",n1380
Entry 1381,https://e1381.example,u1381,"p,1381""x",n1381
Entry 1382,https://e1382.example,u1382,"p,1382""x",n1382
Entry 1383,https://e1383.example,u1383,"p,1383""x",n1383
Entry 1384,https://e1384.example,u1384,"p,1384""x",n1384
Entry 1385,https://e1385.example,u1385,"p,1385""x",n1385
Entry 1386,https://e1386.example,u1386,"p,1386""x",n1386
Entry 1387,https://e1387.example,u1387,"p,1387""x",n1387
Entry 1388,https://e1388.example,u1388,"p,1388""x",n1388
Entry 1389,https://e1389.example,u1389,"p,1389""x",n1389
Entry 1390,https://e1390.example,u1390,"p,1390""x",n1390
Entry 1391,https://e1391.example,u1391,"p,1391""x",n1391
Entry 1392,https://e1392.example,u1392,"p,1392""x",n1392
Entry 1393,https://e1393.example,u1393,"p,1393""x",n1393
Entry 1394,https://e1394.example,u1394,"p,1394""x",n1394
Entry 1395,https://e1395.example,u1395,"p,1395""x",n1395
Entry 1396,https://e1396.example,u1396,"p,1396""x",n1396
Entry 1397,https://e1397.example,u1397,"p,1397""x",n1397
Entry 1398,https://e1398.example,u1398,"p,1398""x",n1398
Entry 1399,https://e1399.example,u1399,"p,1399""x",n1399
Entry 1400,https://e1400.example,u1400,"p,1400""x",n1400
Entry 1401,https://e1401.example,u1401,"p,1401""x",n1401
Entry 1402,https://e1402.example,u1402,"p,1402""x",n1402
Entry 1403,https://e1403.example,u1403,"p,1403""x",n1403
Entry 1404,https://e1404.example,u1404,"p,1404""x",n1404
Entry 1405,https://e1405.example,u1405,"p,1405""x",n1405
Entry 1406,https://e1406.example,u1406,"p,1406""x",n1406
Entry 1407,https://e1407.example,u1407,"p,1407""x",n1407
Entry 1408,https://e1408.example,u1408,"p,1408""x",n1408
Entry 1409,https://e1409.example,u1409,"p,1409""x",n1409
Entry 1410,https://e1410.example,u1410,"p,1410""x",n1410
Entry 1411,https://e1411.example,u1411,"p,1411""x",n1411
Entry 1412,https://e1412.example,u1412,"p,1412""x",n1412
Entry 1413,https://e1413.example,u1413,"p,1413""x",n1413
Entry 1414,https://e1414.example,u1414,"p,1414""x",n1414
Entry 1415,https://e1415.example,u1415,"p,1415""x",n1415
Entry 1416,https://e1416.example,u1416,"p,1416""x",n1416
Entry 1417,https://e1417.example,u1417,"p,1417""x",n1417
Entry 1418,https://e1418.example,u1418,"p,1418""x",n1418
Entry 1419,https://e1419.example,u1419,"p,1419""x",n1419
Entry 1420,https://e1420.example,u1420,"p,1420""x",n1420
Entry 1421,https://e1421.example,u1421,"p,1421""x",n1421
Entry 1422,https://e1422.example,u1422,"p,1422""x",n1422
Entry 1423,https://e1423.example,u1423,"p,1423""x",n1423
Entry 1424,https://e1424.example,u1424,"p,1424""x",n1424
Entry 1425,https://e1425.example,u1425,"p,1425""x",n1425
Entry 1426,https://e1426.example,u1426,"p,1426""x",n1426
Entry 1427,https://e1427.example,u1427,"p,1427""x",n1427
Entry 1428,https://e1428.example,u1428,"p,1428""x",n1428
Entry 1429,https://e1429.example,u1429,"p,1429""x",n1429
Entry 1430,https://e1430.example,u1430,"p,1430""x",n1430
Entry 1431,https://e1431.example,u1431,"p,1431""x",n1431
Entry 1432,https://e1432.example,u1432,"p,1432""x",n1432
Entry 1433,https://e1433.example,u1433,"p,1433""x",n1433
Entry 1434,https://e1434.example,u1434,"p,1434""x",n1434
Entry 1435,https://e1435.example,u1435,"p,1435""x",n1435
Entry 1436,https://e1436.example,u1436,"p,1436""x",n1436
Entry 1437,https://e1437.example,u1437,"p,1437""x",n1437
Entry 1438,https://e1438.example,u1438,"p,1438""x",n1438
Entry 1439,https://e1439.example,u1439,"p,1439""x",n1439
Entry 1440,https://e1440.example,u1440,"p,1440""x",n1440
Entry 1441,https://e1441.example,u1441,"p,1441""x",n1441
Entry 1442,https://e1442.example,u1442,"p,1442""x",n1442
Entry 1443,https://e1443.example,u1443,"p,1443""x",n1443
Entry 1444,https://e1444.example,u1444,"p,1444""x",n1444
Entry 1445,https://e1445.example,u1445,"p,1445""x",n1445
Entry 1446,https://e1446.example,u1446,"p,1446""x",n1446
Entry 1447,https://e1447.example,u1447,"p,1447""x",n1447
Entry 1448,https://e1448.example,u1448,"p,1448""x",n1448
Entry 1449,https://e1449.example,u1449,"p,1449""x",n1449
Entry 1450,https://e1450.example,u1450,"p,1450""x",n1450
Entry 1451,https://e1451.example,u1451,"p,1451""x",n1451
Entry 1452,https://e1452.example,u1452,"p,1452""x",n1452
Entry 1453,https://e1453.example,u1453,"p,1453""x",n1453
Entry 1454,https://e1454.example,u1454,"p,1454""x",n1454
Entry 1455,https://e1455.example,u1455,"p,1455""x",n1455
Entry 1456,https://e1456.example,u1456,"p,1456""x",n1456
Entry 1457,https://e1457.example,u1457,"p,1457""x",n1457
Entry 1458,https://e1458.example,u1458,"p,1458""x",n1458
Entry 1459,https://e1459.example,u1459,"p,1459""x",n1459
Entry 1460,https://e1460.example,u1460,"p,1460""x",n1460
Entry 1461,https://e1461.example,u1461,"p,1461""x",n1461
Entry 1462,https://e1462.example,u1462,"p,1462""x",n1462
Entry 1463,https://e1463.example,u1463,"p,1463""x",n1463
Entry 1464,https://e1464.example,u1464,"p,1464""x",n1464
Entry 1465,https://e1465.example,u1465,"p,1465""x",n1465
Entry 1466,https://e1466.example,u1466,"p,1466""x",n1466
Entry 1467,https://e1467.example,u1467,"p,1467""x",n1467
Entry 1468,https://e1468.example,u1468,"p,1468""x",n1468
Entry 1469,https://e1469.example,u1469,"p,1469""x",n1469
Entry 1470,https://e1470.example,u1470,"p,1470""x",n1470
Entry 1471,https://e1471.example,u1471,"p,1471""x",n1471
Entry 1472,https://e1472.example,u1472,"p,1472""x",n1472
Entry 1473,https://e1473.example,u1473,"p,1473""x",n1473
Entry 1474,https://e1474.example,u1474,"p,1474""x",n1474
Entry 1475,https://e1475.example,u1475,"p,1475""x",n1475
Entry 1476,https://e1476.example,u1476,"p,1476""x",n1476
Entry 1477,https://e1477.example,u1477,"p,1477""x",n1477
Entry 1478,https://e1478.example,u1478,"p,1478""x",n1478
Entry 1479,https://e1479.example,u1479,"p,1479""x",n1479
Entry 1480,https://e1480.example,u1480,"p,1480""x",n1480
Entry 1481,https://e1481.example,u1481,"p,1481""x",n1481
Entry 1482,https://e1482.example,u1482,"p,1482""x",n1482
Entry 1483,https://e1483.example,u1483,"p,1483""x",n1483
Entry 1484,https://e1484.example,u1484,"p,1484""x",n1484
Entry 1485,https://e1485.example,u1485,"p,1485""x",n1485
Entry 1486,https://e1486.example,u1486,"p,1486""x",n1486
Entry 1487,https://e1487.example,u1487,"p,1487""x",n1487
Entry 1488,https://e1488.example,u1488,"p,1488""x",n1488
Entry 1489,https://e1489.example,u1489,"p,1489""x",n1489
Entry 1490,https://e1490.example,u1490,"p,1490""x",n1490
Entry 1491,https://e1491.example,u1491,"p,1491""x",n1491
Entry 1492,https://e1492.example,u1492,"p,1492""x",n1492
Entry 1493,https://e1493.example,u1493,"p,1493""x",n1493
Entry 1494,https://e1494.example,u1494,"p,1494""x",n1494
Entry 1495,https://e1495.example,u1495,"p,1495""x",n1495
Entry 1496,https://e1496.example,u1496,"p,1496""x",n1496
Entry 1497,https://e1497.example,u1497,"p,1497""x",n1497
Entry 1498,https://e1498.example,u1498,"p,1498""x",n1498
Entry 1499,https://e1499.example,u1499,"p,1499""x",n1499
Entry 1500,https://e1500.example,u1500,"p,1500""x",n1500
Entry 1501,https://e1501.example,u1501,"p,1501""x",n1501
Entry 1502,https://e1502.example,u1502,"p,1502""x",n1502
Entry 1503,https://e1503.example,u1503,"p,1503""x",n1503
Entry 1504,https://e1504.example,u1504,"p,1504""x",n1504
Entry 1505,https://e1505.example,u1505,"p,1505""x",n1505
Entry 1506,https://e1506.example,u1506,"p,1506""x",n1506
Entry 1507,https://e1507.example,u1507,"p,1507""x",n1507
Entry 1508,https://e1508.example,u1508,"p,1508""x",n1508
Entry 1509,https://e1509.example,u1509,"p,1509""x",n1509
Entry 1510,https://e1510.example,u1510,"p,1510""x",n1510
Entry 1511,https://e1511.example,u1511,"p,1511""x",n1511
Entry 1512,https://e1512.example,u1512,"p,1512""x",n1512
Entry 1513,https://e1513.example,u1513,"p,1513""x",n1513
Entry 1514,https://e1514.example,u1514,"p,1514""x",n1514
Entry 1515,https://e1515.example,u1515,"p,1515""x",n1515
Entry 1516,https://e1516.example,u1516,"p,1516""x",n1516
Entry 1517,https://e1517.example,u1517,"p,1517""x",n1517
Entry 1518,https://e1518.example,u1518,"p,1518""x",n1518
Entry 1519,https://e1519.example,u1519,"p,1519""x",n1519
Entry 1520,https://e1520.example,u1520,"p,1520""x",n1520
Entry 1521,https://e1521.example,u1521,"p,1521""x",n1521
Entry 1522,https://e1522.example,u1522,"p,1522""x",n1522
Entry 1523,https://e1523.example,u1523,"p,1523""x",n1523
Entry 1524,https://e1524.example,u1524,"p,1524""x",n1524
Entry 1525,https://e1525.example,u1525,"p,1525""x",n1525
Entry 1526,https://e1526.example,u1526,"p,1526""x",n1526
Entry 1527,https://e1527.example,u1527,"p,1527""x",n1527
Entry 1528,https://e1528.example,u1528,"p,1528""x",n1528
Entry 1529,https://e1529.example,u1529,"p,1529""x",n1529
Entry 1530,https://e1530.example,u1530,"p,1530""x",n1530
Entry 1531,https://e1531.example,u1531,"p,1531""x",n1531
Entry 1532,https://e1532.example,u1532,"p,1532""x",n1532
Entry 1533,https://e1533.example,u1533,"p,1533""x",n1533
Entry 1534,https://e1534.example,u1534,"p,1534""x",n1534
Entry 1535,https://e1535.example,u1535,"p,1535""x",n1535
Entry 1536,https://e1536.example,u1536,"p,1536""x",n1536
Entry 1537,https://e1537.example,u1537,"p,1537""x",n1537
Entry 1538,https://e1538.example,u1538,"p,1538""x",n1538
Entry 1539,https://e1539.example,u1539,"p,1539""x",n1539
Entry 1540,https://e1540.example,u1540,"p,1540""x",n1540
Entry 1541,https://e1541.example,u1541,"p,1541""x",n1541
Entry 1542,https://e1542.example,u1542,"p,1542""x",n1542
Entry 1543,https://e1543.example,u1543,"p,1543""x",n1543
Entry 1544,https://e1544.example,u1544,"p,1544""x",n1544
Entry 1545,https://e1545.example,u1545,"p,1545""x",n1545
Entry 1546,https://e1546.example,u1546,"p,1546""x",n1546
Entry 1547,https://e1547.example,u1547,"p,1547""x",n1547
Entry 1548,https://e1548.example,u1548,"p,1548""x",n1548
Entry 1549,https://e1549.example,u1549,"p,1549""x",n1549
Entry 1550,https://e1550.example,u1550,"p,1550""x",n1550
Entry 1551,https://e1551.example,u1551,"p,1551""x",n1551
Entry 1552,https://e1552.example,u1552,"p,1552""x",n1552
Entry 1553,https://e1553.example,u1553,"p,1553""x",n1553
Entry 1554,https://e1554.example,u1554,"p,1554""x",n1554
Entry 1555,https://e1555.example,u1555,"p,1555""x",n1555
Entry 1556,https://e1556.example,u1556,"p,1556""x",n1556
Entry 1557,https://e1557.example,u1557,"p,1557""x",n1557
Entry 1558,https://e1558.example,u1558,"p,1558""x",n1558
Entry 1559,https://e1559.example,u1559,"p,1559""x",n1559
Entry 1560,https://e1560.example,u1560,"p,1560""x",n1560
Entry 1561,https://e1561.example,u1561,"p,1561""x",n1561
Entry 1562,https://e1562.example,u1562,"p,1562""x",n1562
Entry 1563,https://e1563.example,u1563,"p,1563""x",n1563
Entry 1564,https://e1564.example,u1564,"p,1564""x",n1564
Entry 1565,https://e1565.example,u1565,"p,1565""x",n1565
Entry 1566,https://e1566.example,u1566,"p,1566""x",n1566
Entry 1567,https://e1567.example,u1567,"p,1567""x",n1567
Entry 1568,https://e1568.example,u1568,"p,1568""x",n1568
Entry 1569,https://e1569.example,u1569,"p,1569""x",n1569
Entry 1570,https://e1570.example,u1570,"p,1570""x",n1570
Entry 1571,https://e1571.example,u1571,"p,1571""x",n1571
Entry 1572,https://e1572.example,u1572,"p,1572""x",n1572
Entry 1573,https://e1573.example,u1573,"p,1573""x",n1573
Entry 1574,https://e1574.example,u1574,"p,1574""x",n1574
Entry 1575,https://e1575.example,u1575,"p,1575""x",n1575
Entry 1576,https://e1576.example,u1576,"p,1576""x",n1576
Entry 1577,https://e1577.example,u1577,"p,1577""x",n1577
Entry 1578,https://e1578.example,u1578,"p,1578""x",n1578
Entry 1579,https://e1579.example,u1579,"p,1579""x",n1579
Entry 1580,https://e1580.example,u1580,"p,1580""x",n1580
Entry 1581,https://e1581.example,u1581,"p,1581""x",n1581
Entry 1582,https://e1582.example,u1582,"p,1582""x",n1582
Entry 1583,https://e1583.example,u1583,"p,1583""x",n1583
Entry 1584,https://e1584.example,u1584,"p,1584""x",n1584
Entry 1585,https://e1585.example,u1585,"p,1585""x",n1585
Entry 1586,https://e1586.example,u1586,"p,1586""x",n1586
Entry 1587,https://e1587.example,u1587,"p,1587""x",n1587
Entry 1588,https://e1588.example,u1588,"p,1588""x",n1588
Entry 1589,https://e1589.example,u1589,"p,1589""x",n1589
Entry 1590,https://e1590.example,u1590,"p,1590""x",n1590
Entry 1591,https://e1591.example,u1591,"p,1591""x",n1591
Entry 1592,https://e1592.example,u1592,"p,1592""x",n1592
Entry 1593,https://e1593.example,u1593,"p,1593""x",n1593
Entry 1594,https://e1594.example,u1594,"p,1594""x",n1594
Entry 1595,https://e1595.example,u1595,"p,1595""x",n1595
Entry 1596,https://e1596.example,u1596,"p,1596""x",n1596
Entry 1597,https://e1597.example,u1597,"p,1597""x",n1597
Entry 1598,https://e1598.example,u1598,"p,1598""x",n1598
Entry 1599,https://e1599.example,u1599,"p,1599""x",n1599
Entry 1600,https://e1600.example,u1600,"p,1600""x",n1600
Entry 1601,https://e1601.example,u1601,"p,1601""x",n1601
Entry 1602,https://e1602.example,u1602,"p,1602""x",n1602
Entry 1603,https://e1603.example,u1603,"p,1603""x",n1603
Entry 1604,https://e1604.example,u1604,"p,1604""x",n1604
Entry 1605,https://e1605.example,u1605,"p,1605""x",n1605
Entry 1606,https://e1606.example,u1606,"p,1606""x",n1606
Entry 1607,https://e1607.example,u1607,"p,1607""x",n1607
Entry 1608,https://e1608.example,u1608,"p,1608""x",n1608
Entry 1609,https://e1609.example,u1609,"p,1609""x",n1609
Entry 1610,https://e1610.example,u1610,"p,1610""x",n1610
Entry 1611,https://e1611.example,u1611,"p,1611""x",n1611
Entry 1612,https://e1612.example,u1612,"p,1612""x",n1612
Entry 1613,https://e1613.example,u1613,"p,1613""x",n1613
Entry 1614,https://e1614.example,u1614,"p,1614""x",n1614
Entry 1615,https://e1615.example,u1615,"p,1615""x",n1615
Entry 1616,https://e1616.example,u1616,"p,1616""x",n1616
Entry 1617,https://e1617.example,u1617,"p,1617""x",n1617
Entry 1618,https://e1618.example,u1618,"p,1618""x",n1618
Entry 1619,https://e1619.example,u1619,"p,1619""x",n1619
Entry 1620,https://e1620.example,u1620,"p,1620""x",n1620
Entry 1621,https://e1621.example,u1621,"p,1621""x",n1621
Entry 1622,https://e1622.example,u1622,"p,1622""x",n1622
Entry 1623,https://e1623.example,u1623,"p,1623""x",n1623
Entry 1624,https://e1624.example,u1624,"p,1624""x",n1624
Entry 1625,https://e1625.example,u1625,"p,1625""x",n1625
Entry 1626,https://e1626.example,u1626,"p,1626""x",n1626
Entry 1627,https://e1627.example,u1627,"p,1627""x",n1627
Entry 1628,https://e1628.example,u1628,"p,1628""x",n1628
Entry 1629,https://e1629.example,u1629,"p,1629""x",n1629
Entry 1630,https://e1630.example,u1630,"p,1630""x",n1630
Entry 1631,https://e1631.example,u1631,"p,1631""x",n1631
Entry 1632,https://e1632.example,u1632,"p,1632""x",n1632
Entry 1633,https://e1633.example,u1633,"p,1633""x",n1633
Entry 1634,https://e1634.example,u1634,"p,1634""x",n1634
Entry 1635,https://e1635.example,u1635,"p,1635""x",n1635
Entry 1636,https://e1636.example,u1636,"p,1636""x",n1636
Entry 1637,https://e1637.example,u1637,"p,1637""x",n1637
Entry 1638,https://e1638.example,u1638,"p,1638""x",n1638
Entry 1639,https://e1639.example,u1639,"p,1639""x",n1639
Entry 1640,https://e1640.example,u1640,"p,1640""x",n1640
Entry 1641,https://e1641.example,u1641,"p,1641""x",n1641
Entry 1642,https://e1642.example,u1642,"p,1642""x",n1642
Entry 1643,https://e1643.example,u1643,"p,1643""x",n1643
Entry 1644,https://e1644.example,u1644,"p,1644""x",n1644
Entry 1645,https://e1645.example,u1645,"p,1645""x",n1645
Entry 1646,https://e1646.example,u1646,"p,1646""x",n1646
Entry 1647,https://e1647.example,u1647,"p,1647""x",n1647
Entry 1648,https://e1648.example,u1648,"p,1648""x",n1648
Entry 1649,https://e1649.example,u1649,"p,1649""x",n1649
Entry 1650,https://e1650.example,u1650,"p,1650""x",n1650
Entry 1651,https://e1651.example,u1651,"p,1651""x",n1651
Entry 1652,https://e1652.example,u1652,"p,1652""x",n1652
Entry 1653,https://e1653.example,u1653,"p,1653""x",n1653
Entry 1654,https://e1654.example,u1654,"p,1654""x",n1654
Entry 1655,https://e1655.example,u1655,"p,1655""x",n1655
Entry 1656,https://e1656.example,u1656,"p,1656""x",n1656
Entry 1657,https://e1657.example,u1657,"p,1657""x",n1657
Entry 1658,https://e1658.example,u1658,"p,1658""x",n1658
Entry 1659,https://e1659.example,u1659,"p,1659""x",n1659
Entry 1660,https://e1660.example,u1660,"p,1660""x",n1660
Entry 1661,https://e1661.example,u1661,"p,1661""x",n1661
Entry 1662,https://e1662.example,u1662,"p,1662""x",n1662
Entry 1663,https://e1663.example,u1663,"p,1663""x",n1663
Entry 1664,https://e1664.example,u1664,"p,1664""x",n1664
Entry 1665,https://e1665.example,u1665,"p,1665""x",n1665
Entry 1666,https://e1666.example,u1666,"p,1666""x",n1666
Entry 1667,https://e1667.example,u1667,"p,1667""x",n1667
Entry 1668,https://e1668.example,u1668,"p,1668""x",n1668
Entry 1669,https://e1669.example,u1669,"p,1669""x",n1669
Entry 1670,https://e1670.example,u1670,"p,1670""x",n1670
Entry 1671,https://e1671.example,u1671,"p,1671""x",n1671
Entry 1672,https://e1672.example,u1672,"p,1672""x",n1672
Entry 1673,https://e1673.example,u1673,"p,1673""x",n1673
Entry 1674,https://e1674.example,u1674,"p,1674""x",n1674
Entry 1675,https://e1675.example,u1675,"p,1675""x",n1675
Entry 1676,https://e1676.example,u1676,"p,1676""x",n1676
Entry 1677,https://e1677.example,u1677,"p,1677""x",n1677
Entry 1678,https://e1678.example,u1678,"p,1678""x",n1678
Entry 1679,https://e1679.example,u1679,"p,1679""x",n1679
Entry 1680,https://e1680.example,u1680,"p,1680""x",n1680
Entry 1681,https://e1681.example,u1681,"p,1681""x",n1681
Entry 1682,https://e1682.example,u1682,"p,1682""x",n1682
Entry 1683,https://e1683.example,u1683,"p,1683""x",n1683
Entry 1684,https://e1684.example,u1684,"p,1684""x",n1684
Entry 1685,https://e1685.example,u1685,"p,1685""x",n1685
Entry 1686,https://e1686.example,u1686,"p,1686""x",n1686
Entry 1687,https://e1687.example,u1687,"p,1687""x",n1687
Entry 1688,https://e1688.example,u1688,"p,1688""x",n1688
Entry 1689,https://e1689.example,u1689,"p,1689""x",n1689
Entry 1690,https://e1690.example,u1690,"p,1690""x",n1690
Entry 1691,https://e1691.example,u1691,"p,1691""x",n1691
Entry 1692,https://e1692.example,u1692,"p,1692""x",n1692
Entry 1693,https://e1693.example,u1693,"p,1693""x",n1693
Entry 1694,https://e1694.example,u1694,"p,1694""x",n1694
Entry 1695,https://e1695.example,u1695,"p,1695""x",n1695
Entry 1696,https://e1696.example,u1696,"p,1696""x",n1696
Entry 1697,https://e1697.example,u1697,"p,1697""x",n1697
Entry 1698,https://e1698.example,u1698,"p,1698""x",n1698
Entry 1699,https://e1699.example,u1699,"p,1699""x",n1699
Entry 1700,https://e1700.example,u1700,"p,1700""x",n1700
Entry 1701,https://e1701.example,u1701,"p,1701""x",n1701
Entry 1702,https://e1702.example,u1702,"p,1702""x",n1702
Entry 1703,https://e1703.example,u1703,"p,1703""x",n1703
Entry 1704,https://e1704.example,u1704,"p,1704""x",n1704
Entry 1705,https://e1705.example,u1705,"p,1705""x",n1705
Entry 1706,https://e1706.example,u1706,"p,1706""x",n1706
Entry 1707,https://e1707.example,u1707,"p,1707""x",n1707
Entry 1708,https://e1708.example,u1708,"p,1708""x",n1708
Entry 1709,https://e1709.example,u1709,"p,1709""x",n1709
Entry 1710,https://e1710.example,u1710,"p,1710""x",n1710
Entry 1711,https://e1711.example,u1711,"p,1711""x",n1711
Entry 1712,https://e1712.example,u1712,"p,1712""x",n1712
Entry 1713,https://e1713.example,u1713,"p,1713""x",n1713
Entry 1714,https://e1714.example,u1714,"p,1714""x",n1714
Entry 1715,https://e1715.example,u1715,"p,1715""x",n1715
Entry 1716,https://e1716.example,u1716,"p,1716""x",n1716
Entry 1717,https://e1717.example,u1717,"p,1717""x",n1717
Entry 1718,https://e1718.example,u1718,"p,1718""x",n1718
Entry 1719,https://e1719.example,u1719,"p,1719""x",n1719
Entry 1720,https://e1720.example,u1720,"p,1720""x",n1720
Entry 1721,https://e1721.example,u1721,"p,1721""x",n1721
Entry 1722,https://e1722.example,u1722,"p,1722""x",n1722
Entry 1723,https://e1723.example,u1723,"p,1723""x",n1723
Entry 1724,https://e1724.example,u1724,"p,1724""x",n1724
Entry 1725,https://e1725.example,u1725,"p,1725""x",n1725
Entry 1726,https://e1726.example,u1726,"p,1726""x",n1726
Entry 1727,https://e1727.example,u1727,"p,1727""x",n1727
Entry 1728,https://e1728.example,u1728,"p,1728""x",n1728
Entry 1729,https://e1729.example,u1729,"p,1729""x",n1729
Entry 1730,https://e1730.example,u1730,"p,1730""x",n1730
Entry 1731,https://e1731.example,u1731,"p,1731""x",n1731
Entry 1732,https://e1732.example,u1732,"p,1732""x",n1732
Entry 1733,https://e1733.example,u1733,"p,1733""x",n1733
Entry 1734,https://e1734.example,u1734,"p,1734""x",n1734
Entry 1735,https://e1735.example,u1735,"p,1735""x",n1735
Entry 1736,https://e1736.example,u1736,"p,1736""x",n1736
Entry 1737,https://e1737.example,u1737,"p,1737""x",n1737
Entry 1738,https://e1738.example,u1738,"p,1738""x",n1738
Entry 1739,https://e1739.example,u1739,"p,1739""x",n1739
Entry 1740,https://e1740.example,u1740,"p,1740""x",n1740
Entry 1741,https://e1741.example,u1741,"p,1741""x",n1741
Entry 1742,https://e1742.example,u1742,"p,1742""x",n1742
Entry 1743,https://e1743.example,u1743,"p,1743""x",n1743
Entry 1744,https://e1744.example,u1744,"p,1744""x",n1744
Entry 1745,https://e1745.example,u1745,"p,1745""x",n1745
Entry 1746,https://e1746.example,u1746,"p,1746""x",n1746
Entry 1747,https://e1747.example,u1747,"p,1747""x",n1747
Entry 1748,https://e1748.example,u1748,"p,1748""x",n1748
Entry 1749,https://e1749.example,u1749,"p,1749""x",n1749
Entry 1750,https://e1750.example,u1750,"p,1750""x",n1750
Entry 1751,https://e1751.example,u1751,"p,1751""x",n1751
Entry 1752,https://e1752.example,u1752,"p,1752""x",n1752
Entry 1753,https://e1753.example,u1753,"p,1753""x",n1753
Entry 1754,https://e1754.example,u1754,"p,1754""x",n1754
Entry 1755,https://e1755.example,u1755,"p,1755""x",n1755
Entry 1756,https://e1756.example,u1756,"p,1756""x",n1756
Entry 1757,https://e1757.example,u1757,"p,1757""x",n1757
Entry 1758,https://e1758.example,u1758,"p,1758""x",n1758
Entry 1759,https://e1759.example,u1759,"p,1759""x",n1759
Entry 1760,https://e1760.example,u1760,"p,1760""x",n1760
Entry 1761,https://e1761.example,u1761,"p,1761""x",n1761
Entry 1762,https://e1762.example,u1762,"p,1762""x",n1762
Entry 1763,https://e1763.example,u1763,"p,1763""x",n1763
Entry 1764,https://e1764.example,u1764,"p,1764""x",n1764
Entry 1765,https://e1765.example,u1765,"p,1765""x",n1765
Entry 1766,https://e1766.example,u1766,"p,1766""x",n1766
Entry 1767,https://e1767.example,u1767,"p,1767""x",n1767
Entry 1768,https://e1768.example,u1768,"p,1768""x",n1768
Entry 1769,https://e1769.example,u1769,"p,1769""x",n1769
Entry 1770,https://e1770.example,u1770,"p,1770""x",n1770
Entry 1771,https://e1771.example,u1771,"p,1771""x",n1771
Entry 1772,https://e1772.example,u1772,"p,1772""x",n1772
Entry 1773,https://e1773.example,u1773,"p,1773""x",n1773
Entry 1774,https://e1774.example,u1774,"p,1774""x",n1774
Entry 1775,https://e1775.example,u1775,"p,1775""x",n1775
Entry 1776,https://e1776.example,u1776,"p,1776""x",n1776
Entry 1777,https://e1777.example,u1777,"p,1777""x",n1777
Entry 1778,https://e1778.example,u1778,"p,1778""x",n1778
Entry 1779,https://e1779.example,u1779,"p,1779""x",n1779
Entry 1780,https://e1780.example,u1780,"p,1780""x",n1780
Entry 1781,https://e1781.example,u1781,"p,1781""x",n1781
Entry 1782,https://e1782.example,u1782,"p,1782""x",n1782
Entry 1783,https://e1783.example,u1783,"p,1783""x",n1783
Entry 1784,https://e1784.example,u1784,"p,1784""x",n1784
Entry 1785,https://e1785.example,u1785,"p,1785""x",n1785
Entry 1786,https://e1786.example,u1786,"p,1786""x",n1786
Entry 1787,https://e1787.example,u1787,"p,1787""x",n1787
Entry 1788,https://e1788.example,u1788,"p,1788""x",n1788
Entry 1789,https://e1789.example,u1789,"p,1789""x",n1789
Entry 1790,https://e1790.example,u1790,"p,1790""x",n1790
Entry 1791,https://e1791.example,u1791,"p,1791""x",n1791
Entry 1792,https://e1792.example,u1792,"p,1792""x",n1792
Entry 1793,https://e1793.example,u1793,"p,1793""x",n1793
Entry 1794,https://e1794.example,u1794,"p,1794""x",n1794
Entry 1795,https://e1795.example,u1795,"p,1795""x",n1795
Entry 1796,https://e1796.example,u1796,"p,1796""x",n1796
Entry 1797,https://e1797.example,u1797,"p,1797""x",n1797
Entry 1798,https://e1798.example,u1798,"p,1798""x",n1798
Entry 1799,https://e1799.example,u1799,"p,1799""x",n1799
Entry 1800,https://e1800.example,u1800,"p,1800""x",n1800
Entry 1801,https://e1801.example,u1801,"p,1801""x",n1801
Entry 1802,https://e1802.example,u1802,"p,1802""x",n1802
Entry 1803,https://e1803.example,u1803,"p,1803""x",n1803
Entry 1804,https://e1804.example,u1804,"p,1804""x",n1804
Entry 1805,https://e1805.example,u1805,"p,1805""x",n1805
Entry 1806,https://e1806.example,u1806,"p,1806""x",n1806
Entry 1807,https://e1807.example,u1807,"p,1807""x",n1807
Entry 1808,https://e1808.example,u1808,"p,1808""x",n1808
Entry 1809,https://e1809.example,u1809,"p,1809""x",n1809
Entry 1810,https://e1810.example,u1810,"p,1810""x",n1810
Entry 1811,https://e1811.example,u1811,"p,1811""x",n1811
Entry 1812,https://e1812.example,u1812,"p,1812""x",n1812
Entry 1813,https://e1813.example,u1813,"p,1813""x",n1813
Entry 1814,https://e1814.example,u1814,"p,1814""x",n1814
Entry 1815,https://e1815.example,u1815,"p,1815""x",n1815
Entry 1816,https://e1816.example,u1816,"p,1816""x",n1816
Entry 1817,https://e1817.example,u1817,"p,1817""x",n1817
Entry 1818,https://e1818.example,u1818,"p,1818""x",n1818
Entry 1819,https://e1819.example,u1819,"p,1819""x",n1819
Entry 1820,https://e1820.example,u1820,"p,1820""x",n1820
Entry 1821,https://e1821.example,u1821,"p,1821""x",n1821
Entry 1822,https://e1822.example,u1822,"p,1822""x",n1822
Entry 1823,https://e1823.example,u1823,"p,1823""x",n1823
Entry 1824,https://e1824.example,u1824,"p,1824""x",n1824
Entry 1825,https://e1825.example,u1825,"p,1825""x",n1825
Entry 1826,https://e1826.example,u1826,"p,1826""x",n1826
Entry 1827,https://e1827.example,u1827,"p,1827""x",n1827
Entry 1828,https://e1828.example,u1828,"p,1828""x",n1828
Entry 1829,https://e1829.example,u1829,"p,1829""x",n1829
Entry 1830,https://e1830.example,u1830,"p,1830""x",n1830
Entry 1831,https://e1831.example,u1831,"p,1831""x",n1831
Entry 1832,https://e1832.example,u1832,"p,1832""x",n1832
Entry 1833,https://e1833.example,u1833,"p,1833""x",n1833
Entry 1834,https://e1834.example,u1834,"p,1834""x",n1834
Entry 1835,https://e1835.example,u1835,"p,1835""x",n1835
Entry 1836,https://e1836.example,u1836,"p,1836""x",n1836
Entry 1837,https://e1837.example,u1837,"p,1837""x",n1837
Entry 1838,https://e1838.example,u1838,"p,1838""x",n1838
Entry 1839,https://e1839.example,u1839,"p,1839""x",n1839
Entry 1840,https://e1840.example,u1840,"p,1840""x",n1840
Entry 1841,https://e1841.example,u1841,"p,1841""x",n1841
Entry 1842,https://e1842.example,u1842,"p,1842""x",n1842
Entry 1843,https://e1843.example,u1843,"p,1843""x",n1843
Entry 1844,https://e1844.example,u1844,"p,1844""x",n1844
Entry 1845,https://e1845.example,u1845,"p,1845""x",n1845
Entry 1846,https://e1846.example,u1846,"p,1846""x",n1846
Entry 1847,https://e1847.example,u1847,"p,1847""x",n1847
Entry 1848,https://e1848.example,u1848,"p,1848""x",n1848
Entry 1849,https://e1849.example,u1849,"p,1849""x",n1849
Entry 1850,https://e1850.example,u1850,"p,1850""x",n1850
Entry 1851,https://e1851.example,u1851,"p,1851""x",n1851
Entry 1852,https://e1852.example,u1852,"p,1852""x",n1852
Entry 1853,https://e1853.example,u1853,"p,1853""x",n1853
Entry 1854,https://e1854.example,u1854,"p,1854""x",n1854
Entry 1855,https://e1855.example,u1855,"p,1855""x",n1855
Entry 1856,https://e1856.example,u1856,"p,1856""x",n1856
Entry 1857,https://e1857.example,u1857,"p,1857""x",n1857
Entry 1858,https://e1858.example,u1858,"p,1858""x",n1858
Entry 1859,https://e1859.example,u1859,"p,1859""x",n1859
Entry 1860,https://e1860.example,u1860,"p,1860""x",n1860
Entry 1861,https://e1861.example,u1861,"p,1861""x",n1861
Entry 1862,https://e1862.example,u1862,"p,1862""x",n1862
Entry 1863,https://e1863.example,u1863,"p,1863""x",n1863
Entry 1864,https://e1864.example,u1864,"p,1864""x",n1864
Entry 1865,https://e1865.example,u1865,"p,1865""x",n1865
Entry 1866,https://e1866.example,u1866,"p,1866""x",n1866
Entry 1867,https://e1867.example,u1867,"p,1867""x",n1867
Entry 1868,https://e1868.example,u1868,"p,1868""x",n1868
Entry 1869,https://e1869.example,u1869,"p,1869""x",n1869
Entry 1870,https://e1870.example,u1870,"p,1870""x",n1870
Entry 1871,https://e1871.example,u1871,"p,1871""x",n1871
Entry 1872,https://e1872.example,u1872,"p,1872""x",n1872
Entry 1873,https://e1873.example,u1873,"p,1873""x",n1873
Entry 1874,https://e1874.example,u1874,"p,1874""x",n1874
Entry 1875,https://e1875.example,u1875,"p,1875""x",n1875
Entry 1876,https://e1876.example,u1876,"p,1876""x",n1876
Entry 1877,https://e1877.example,u1877,"p,1877""x",n1877
Entry 1878,https://e1878.example,u1878,"p,1878""x",n1878
Entry 1879,https://e1879.example,u1879,"p,1879""x",n1879
Entry 1880,https://e1880.example,u1880,"p,1880""x",n1880
Entry 1881,https://e1881.example,u1881,"p,1881""x",n1881
Entry 1882,https://e1882.example,u1882,"p,1882""x",n1882
Entry 1883,https://e1883.example,u1883,"p,1883""x",n1883
Entry 1884,https://e1884.example,u1884,"p,1884""x",n1884
Entry 1885,https://e1885.example,u1885,"p,1885""x",n1885
Entry 1886,https://e1886.example,u1886,"p,1886""x",n1886
Entry 1887,https://e1887.example,u1887,"p,1887""x",n1887
Entry 1888,https://e1888.example,u1888,"p,1888""x",n1888
Entry 1889,https://e1889.example,u1889,"p,1889""x",n1889
Entry 1890,https://e1890.example,u1890,"p,1890""x",n1890
Entry 1891,https://e1891.example,u1891,"p,1891""x",n1891
Entry 1892,https://e1892.example,u1892,"p,1892""x",n1892
Entry 1893,https://e1893.example,u1893,"p,1893""x",n1893
Entry 1894,https://e1894.example,u1894,"p,1894""x",n1894
Entry 1895,https://e1895.example,u1895,"p,1895""x",n1895
Entry 1896,https://e1896.example,u1896,"p,1896""x",n1896
Entry 1897,https://e1897.example,u1897,"p,1897""x",n1897
Entry 1898,https://e1898.example,u1898,"p,1898""x",n1898
Entry 1899,https://e1899.example,u1899,"p,1899""x",n1899
Entry 1900,https://e1900.example,u1900,"p,1900""x",n1900
Entry 1901,https://e1901.example,u1901,"p,1901""x",n1901
Entry 1902,https://e1902.example,u1902,"p,1902""x",n1902
Entry 1903,https://e1903.example,u1903,"p,1903""x",n1903
Entry 1904,https://e1904.example,u1904,"p,1904""x",n1904
Entry 1905,https://e1905.example,u1905,"p,1905""x",n1905
Entry 1906,https://e1906.example,u1906,"p,1906""x",n1906
Entry 1907,https://e1907.example,u1907,"p,1907""x",n1907
Entry 1908,https://e1908.example,u1908,"p,1908""x",n1908
Entry 1909,https://e1909.example,u1909,"p,1909""x",n1909
Entry 1910,https://e1910.example,u1910,"p,1910""x",n1910
Entry 1911,https://e1911.example,u1911,"p,1911""x",n1911
Entry 1912,https://e1912.example,u1912,"p,1912""x",n1912
Entry 1913,https://e1913.example,u1913,"p,1913""x",n1913
Entry 1914,https://e1914.example,u1914,"p,1914""x",n1914
Entry 1915,https://e1915.example,u1915,"p,1915""x",n1915
Entry 1916,https://e1916.example,u1916,"p,1916""x",n1916
Entry 1917,https://e1917.example,u1917,"p,1917""x",n1917
Entry 1918,https://e1918.example,u1918,"p,1918""x",n1918
Entry 1919,https://e1919.example,u1919,"p,1919""x",n1919
Entry 1920,https://e1920.example,u1920,"p,1920""x",n1920
Entry 1921,https://e1921.example,u1921,"p,1921""x",n1921
Entry 1922,https://e1922.example,u1922,"p,1922""x",n1922
Entry 1923,https://e1923.example,u1923,"p,1923""x",n1923
Entry 1924,https://e1924.example,u1924,"p,1924""x",n1924
Entry 1925,https://e1925.example,u1925,"p,1925""x",n1925
Entry 1926,https://e1926.example,u1926,"p,1926""x",n1926
Entry 1927,https://e1927.example,u1927,"p,1927""x",n1927
Entry 1928,https://e1928.example,u1928,"p,1928""x",n1928
Entry 1929,https://e1929.example,u1929,"p,1929""x",n1929
Entry 1930,https://e1930.example,u1930,"p,1930""x",n1930
Entry 1931,https://e1931.example,u1931,"p,1931""x",n1931
Entry 1932,https://e1932.example,u1932,"p,1932""x",n1932
Entry 1933,https://e1933.example,u1933,"p,1933""x",n1933
Entry 1934,https://e1934.example,u1934,"p,1934""x",n1934
Entry 1935,https://e1935.example,u1935,"p,1935""x",n1935
Entry 1936,https://e1936.example,u1936,"p,1936""x",n1936
Entry 1937,https://e1937.example,u1937,"p,1937""x",n1937
Entry 1938,https://e1938.example,u1938,"p,1938""x",n1938
Entry 1939,https://e1939.example,u1939,"p,1939""x",n1939
Entry 1940,https://e1940.example,u1940,"p,1940""x",n1940
Entry 1941,https://e1941.example,u1941,"p,1941""x",n1941
Entry 1942,https://e1942.example,u1942,"p,1942""x",n1942
Entry 1943,https://e1943.example,u1943,"p,1943""x",n1943
Entry 1944,https://e1944.example,u1944,"p,1944""x",n1944
Entry 1945,https://e1945.example,u1945,"p,1945""x",n1945
Entry 1946,https://e1946.example,u1946,"p,1946""x",n1946
Entry 1947,https://e1947.example,u1947,"p,1947""x",n1947
Entry 1948,https://e1948.example,u1948,"p,1948""x",n1948
Entry 1949,https://e1949.example,u1949,"p,1949""x",n1949
Entry 1950,https://e1950.example,u1950,"p,1950""x",n1950
Entry 1951,https://e1951.example,u1951,"p,1951""x",n1951
Entry 1952,https://e1952.example,u1952,"p,1952""x",n1952
Entry 1953,https://e1953.example,u1953,"p,1953""x",n1953
Entry 1954,https://e1954.example,u1954,"p,1954""x",n1954
Entry 1955,https://e1955.example,u1955,"p,1955""x",n1955
Entry 1956,https://e1956.example,u1956,"p,1956""x",n1956
Entry 1957,https://e1957.example,u1957,"p,1957""x",n1957
Entry 1958,https://e1958.example,u1958,"p,1958""x",n1958
Entry 1959,https://e1959.example,u1959,"p,1959""x",n1959
Entry 1960,https://e1960.example,u1960,"p,1960""x",n1960
Entry 1961,https://e1961.example,u1961,"p,1961""x",n1961
Entry 1962,https://e1962.example,u1962,"p,1962""x",n1962
Entry 1963,https://e1963.example,u1963,"p,1963""x",n1963
Entry 1964,https://e1964.example,u1964,"p,1964""x",n1964
Entry 1965,https://e1965.example,u1965,"p,1965""x",n1965
Entry 1966,https://e1966.example,u1966,"p,1966""x",n1966
Entry 1967,https://e1967.example,u1967,"p,1967""x",n1967
Entry 1968,https://e1968.example,u1968,"p,1968""x",n1968
Entry 1969,https://e1969.example,u1969,"p,1969""x",n1969
Entry 1970,https://e1970.example,u1970,"p,1970""x",n1970
Entry 1971,https://e1971.example,u1971,"p,1971""x",n1971
Entry 1972,https://e1972.example,u1972,"p,1972""x",n1972
Entry 1973,https://e1973.example,u1973,"p,1973""x",n1973
Entry 1974,https://e1974.example,u1974,"p,1974""x",n1974
Entry 1975,https://e1975.example,u1975,"p,1975""x",n1975
Entry 1976,https://e1976.example,u1976,"p,1976""x",n1976
Entry 1977,https://e1977.example,u1977,"p,1977""x",n1977
Entry 1978,https://e1978.example,u1978,"p,1978""x",n1978
Entry 1979,https://e1979.example,u1979,"p,1979""x",n1979
Entry 1980,https://e1980.example,u1980,"p,1980""x",n1980
Entry 1981,https://e1981.example,u1981,"p,1981""x",n1981
Entry 1982,https://e1982.example,u1982,"p,1982""x",n1982
Entry 1983,https://e1983.example,u1983,"p,1983""x",n1983
Entry 1984,https://e1984.example,u1984,"p,1984""x",n1984
Entry 1985,https://e1985.example,u1985,"p,1985""x",n1985
Entry 1986,https://e1986.example,u1986,"p,1986""x",n1986
Entry 1987,https://e1987.example,u1987,"p,1987""x",n1987
Entry 1988,https://e1988.example,u1988,"p,1988""x",n1988
Entry 1989,https://e1989.example,u1989,"p,1989""x",n1989
Entry 1990,https://e1990.example,u1990,"p,1990""x",n1990
Entry 1991,https://e1991.example,u1991,"p,1991""x",n1991
Entry 1992,https://e1992.example,u1992,"p,1992""x",n1992
Entry 1993,https://e1993.example,u1993,"p,1993""x",n1993
Entry 1994,https://e1994.example,u1994,"p,1994""x",n1994
Entry 1995,https://e1995.example,u1995,"p,1995""x",n1995
Entry 1996,https://e1996.example,u1996,"p,1996""x",n1996
Entry 1997,https://e1997.example,u1997,"p,1997""x",n1997
Entry 1998,https://e1998.example,u1998,"p,1998""x",n1998
Entry 1999,https://e1999.example,u1999,"p,1999""x",n1999
Entry 2000,https://e2000.example,u2000,"p,2000""x",n2000
Entry 2001,https://e2001.example,u2001,"p,2001""x",n2001
Entry 2002,https://e2002.example,u2002,"p,2002""x",n2002
Entry 2003,https://e2003.example,u2003,"p,2003""x",n2003
Entry 2004,https://e2004.example,u2004,"p,2004""x",n2004
Entry 2005,https://e2005.example,u2005,"p,2005""x",n2005
Entry 2006,https://e2006.example,u2006,"p,2006""x",n2006
Entry 2007,https://e2007.example,u2007,"p,2007""x",n2007
Entry 2008,https://e2008.example,u2008,"p,2008""x",n2008
Entry 2009,https://e2009.example,u2009,"p,2009""x",n2009
Entry 2010,https://e2010.example,u2010,"p,2010""x",n2010
Entry 2011,https://e2011.example,u2011,"p,2011""x",n2011
Entry 2012,https://e2012.example,u2012,"p,2012""x",n2012
Entry 2013,https://e2013.example,u2013,"p,2013""x",n2013
Entry 2014,https://e2014.example,u2014,"p,2014""x",n2014
Entry 2015,https://e2015.example,u2015,"p,2015""x",n2015
Entry 2016,https://e2016.example,u2016,"p,2016""x",n2016
Entry 2017,https://e2017.example,u2017,"p,2017""x",n2017
Entry 2018,https://e2018.example,u2018,"p,2018""x",n2018
Entry 2019,https://e2019.example,u2019,"p,2019""x",n2019
Entry 2020,https://e2020.example,u2020,"p,2020""x",n2020
Entry 2021,https://e2021.example,u2021,"p,2021""x",n2021
Entry 2022,https://e2022.example,u2022,"p,2022""x",n2022
Entry 2023,https://e2023.example,u2023,"p,2023""x",n2023
Entry 2024,https://e2024.example,u2024,"p,2024""x",n2024
Entry 2025,https://e2025.example,u2025,"p,2025""x",n2025
Entry 2026,https://e2026.example,u2026,"p,2026""x",n2026
Entry 2027,https://e2027.example,u2027,"p,2027""x",n2027
Entry 2028,https://e2028.example,u2028,"p,2028""x",n2028
Entry 2029,https://e2029.example,u2029,"p,2029""x",n2029
Entry 2030,https://e2030.example,u2030,"p,2030""x",n2030
Entry 2031,https://e2031.example,u2031,"p,2031""x",n2031
Entry 2032,https://e2032.example,u2032,"p,2032""x",n2032
Entry 2033,https://e2033.example,u2033,"p,2033""x",n2033
Entry 2034,https://e2034.example,u2034,"p,2034""x",n2034
Entry 2035,https://e2035.example,u2035,"p,2035""x",n2035
Entry 2036,https://e2036.example,u2036,"p,2036""x",n2036
Entry 2037,https://e2037.example,u2037,"p,2037""x",n2037
Entry 2038,https://e2038.example,u2038,"p,2038""x",n2038
Entry 2039,https://e2039.example,u2039,"p,2039""x",n2039
Entry 2040,https://e2040.example,u2040,"p,2040""x",n2040
Entry 2041,https://e2041.example,u2041,"p,2041""x",n2041
Entry 2042,https://e2042.example,u2042,"p,2042""x",n2042
Entry 2043,https://e2043.example,u2043,"p,2043""x",n2043
Entry 2044,https://e2044.example,u2044,"p,2044""x",n2044
Entry 2045,https://e2045.example,u2045,"p,2045""x",n2045
Entry 2046,https://e2046.example,u2046,"p,2046""x",n2046
Entry 2047,https://e2047.example,u2047,"p,2047""x",n2047
Entry 2048,https://e2048.example,u2048,"p,2048""x",n2048
Entry 2049,https://e2049.example,u2049,"p,2049""x",n2049
Entry 2050,https://e2050.example,u2050,"p,2050""x",n2050
Entry 2051,https://e2051.example,u2051,"p,2051""x",n2051
Entry 2052,https://e2052.example,u2052,"p,2052""x",n2052
Entry 2053,https://e2053.example,u2053,"p,2053""x",n2053
Entry 2054,https://e2054.example,u2054,"p,2054""x",n2054
Entry 2055,https://e2055.example,u2055,"p,2055""x",n2055
Entry 2056,https://e2056.example,u2056,"p,2056""x",n2056
Entry 2057,https://e2057.example,u2057,"p,2057""x",n2057
Entry 2058,https://e2058.example,u2058,"p,2058""x",n2058
Entry 2059,https://e2059.example,u2059,"p,2059""x",n2059
Entry 2060,https://e2060.example,u2060,"p,2060""x",n2060
Entry 2061,https://e2061.example,u2061,"p,2061""x",n2061
Entry 2062,https://e2062.example,u2062,"p,2062""x",n2062
Entry 2063,https://e2063.example,u2063,"p,2063""x",n2063
Entry 2064,https://e2064.example,u2064,"p,2064""x",n2064
Entry 2065,https://e2065.example,u2065,"p,2065""x",n2065
Entry 2066,https://e2066.example,u2066,"p,2066""x",n2066
Entry 2067,https://e2067.example,u2067,"p,2067""x",n2067
Entry 2068,https://e2068.example,u2068,"p,2068""x",n2068
Entry 2069,https://e2069.example,u2069,"p,2069""x",n2069
Entry 2070,https://e2070.example,u2070,"p,2070""x",n2070
Entry 2071,https://e2071.example,u2071,"p,2071""x",n2071
Entry 2072,https://e2072.example,u2072,"p,2072""x",n2072
Entry 2073,https://e2073.example,u2073,"p,2073""x",n2073
Entry 2074,https://e2074.example,u2074,"p,2074""x",n2074
Entry 2075,https://e2075.example,u2075,"p,2075""x",n2075
Entry 2076,https://e2076.example,u2076,"p,2076""x",n2076
Entry 2077,https://e2077.example,u2077,"p,2077""x",n2077
Entry 2078,https://e2078.example,u2078,"p,2078""x",n2078
Entry 2079,https://e2079.example,u2079,"p,2079""x",n2079
Entry 2080,https://e2080.example,u2080,"p,2080""x",n2080
Entry 2081,https://e2081.example,u2081,"p,2081""x",n2081
Entry 2082,https://e2082.example,u2082,"p,2082""x",n2082
Entry 2083,https://e2083.example,u2083,"p,2083""x",n2083
Entry 2084,https://e2084.example,u2084,"p,2084""x",n2084
Entry 2085,https://e2085.example,u2085,"p,2085""x",n2085
Entry 2086,https://e2086.example,u2086,"p,2086""x",n2086
Entry 2087,https://e2087.example,u2087,"p,2087""x",n2087
Entry 2088,https://e2088.example,u2088,"p,2088""x",n2088
Entry 2089,https://e2089.example,u2089,"p,2089""x",n2089
Entry 2090,https://e2090.example,u2090,"p,2090""x",n2090
Entry 2091,https://e2091.example,u2091,"p,2091""x",n2091
Entry 2092,https://e2092.example,u2092,"p,2092""x",n2092
Entry 2093,https://e2093.example,u2093,"p,2093""x",n2093
Entry 2094,https://e2094.example,u2094,"p,2094""x",n2094
Entry 2095,https://e2095.example,u2095,"p,2095""x",n2095
Entry 2096,https://e2096.example,u2096,"p,2096""x",n2096
Entry 2097,https://e2097.example,u2097,"p,2097""x",n2097
Entry 2098,https://e2098.example,u2098,"p,2098""x",n2098
Entry 2099,https://e2099.example,u2099,"p,2099""x",n2099
Entry 2100,https://e2100.example,u2100,"p,2100""x",n2100
Entry 2101,https://e2101.example,u2101,"p,2101""x",n2101
Entry 2102,https://e2102.example,u2102,"p,2102""x",n2102
Entry 2103,https://e2103.example,u2103,"p,2103""x",n2103
Entry 2104,https://e2104.example,u2104,"p,2104""x",n2104
Entry 2105,https://e2105.example,u2105,"p,2105""x",n2105
Entry 2106,https://e2106.example,u2106,"p,2106""x",n2106
Entry 2107,https://e2107.example,u2107,"p,2107""x",n2107
Entry 2108,https://e2108.example,u2108,"p,2108""x",n2108
Entry 2109,https://e2109.example,u2109,"p,2109""x",n2109
Entry 2110,https://e2110.example,u2110,"p,2110""x",n2110
Entry 2111,https://e2111.example,u2111,"p,2111""x",n2111
Entry 2112,https://e2112.example,u2112,"p,2112""x",n2112
Entry 2113,https://e2113.example,u2113,"p,2113""x",n2113
Entry 2114,https://e2114.example,u2114,"p,2114""x",n2114
Entry 2115,https://e2115.example,u2115,"p,2115""x",n2115
Entry 2116,https://e2116.example,u2116,"p,2116""x",n2116
Entry 2117,https://e2117.example,u2117,"p,2117""x",n2117
Entry 2118,https://e2118.example,u2118,"p,2118""x",n2118
Entry 2119,https://e2119.example,u2119,"p,2119""x",n2119
Entry 2120,https://e2120.example,u2120,"p,2120""x",n2120
Entry 2121,https://e2121.example,u2121,"p,2121""x",n2121
Entry 2122,https://e2122.example,u2122,"p,2122""x",n2122
Entry 2123,https://e2123.example,u2123,"p,2123""x",n2123
Entry 2124,https://e2124.example,u2124,"p,2124""x",n2124
Entry 2125,https://e2125.example,u2125,"p,2125""x",n2125
Entry 2126,https://e2126.example,u2126,"p,2126""x",n2126
Entry 2127,https://e2127.example,u2127,"p,2127""x",n2127
Entry 2128,https://e2128.example,u2128,"p,2128""x",n2128
Entry 2129,https://e2129.example,u2129,"p,2129""x",n2129
Entry 2130,https://e2130.example,u2130,"p,2130""x",n2130
Entry 2131,https://e2131.example,u2131,"p,2131""x",n2131
Entry 2132,https://e2132.example,u2132,"p,2132""x",n2132
Entry 2133,https://e2133.example,u2133,"p,2133""x",n2133
Entry 2134,https://e2134.example,u2134,"p,2134""x",n2134
Entry 2135,https://e2135.example,u2135,"p,2135""x",n2135
Entry 2136,https://e2136.example,u2136,"p,2136""x",n2136
Entry 2137,https://e2137.example,u2137,"p,2137""x",n2137
Entry 2138,https://e2138.example,u2138,"p,2138""x",n2138
Entry 2139,https://e2139.example,u2139,"p,2139""x",n2139
Entry 2140,https://e2140.example,u2140,"p,2140""x",n2140
Entry 2141,https://e2141.example,u2141,"p,2141""x",n2141
Entry 2142,https://e2142.example,u2142,"p,2142""x",n2142
Entry 2143,https://e2143.example,u2143,"p,2143""x",n2143
Entry 2144,https://e2144.example,u2144,"p,2144""x",n2144
Entry 2145,https://e2145.example,u2145,"p,2145""x",n2145
Entry 2146,https://e2146.example,u2146,"p,2146""x",n2146
Entry 2147,https://e2147.example,u2147,"p,2147""x",n2147
Entry 2148,https://e2148.example,u2148,"p,2148""x",n2148
Entry 2149,https://e2149.example,u2149,"p,2149""x",n2149
Entry 2150,https://e2150.example,u2150,"p,2150""x",n2150
Entry 2151,https://e2151.example,u2151,"p,2151""x",n2151
Entry 2152,https://e2152.example,u2152,"p,2152""x",n2152
Entry 2153,https://e2153.example,u2153,"p,2153""x",n2153
Entry 2154,https://e2154.example,u2154,"p,2154""x",n2154
Entry 2155,https://e2155.example,u2155,"p,2155""x",n2155
Entry 2156,https://e2156.example,u2156,"p,2156""x",n2156
Entry 2157,https://e2157.example,u2157,"p,2157""x",n2157
Entry 2158,https://e2158.example,u2158,"p,2158""x",n2158
Entry 2159,https://e2159.example,u2159,"p,2159""x",n2159
Entry 2160,https://e2160.example,u2160,"p,2160""x",n2160
Entry 2161,https://e2161.example,u2161,"p,2161""x",n2161
Entry 2162,https://e2162.example,u2162,"p,2162""x",n2162
Entry 2163,https://e2163.example,u2163,"p,2163""x",n2163
Entry 2164,https://e2164.example,u2164,"p,2164""x",n2164
Entry 2165,https://e2165.example,u2165,"p,2165""x",n2165
Entry 2166,https://e2166.example,u2166,"p,2166""x",n2166
Entry 2167,https://e2167.example,u2167,"p,2167""x",n2167
Entry 2168,https://e2168.example,u2168,"p,2168""x",n2168
Entry 2169,https://e2169.example,u2169,"p,2169""x",n2169
Entry 2170,https://e2170.example,u2170,"p,2170""x",n2170
Entry 2171,https://e2171.example,u2171,"p,2171""x",n2171
Entry 2172,https://e2172.example,u2172,"p,2172""x",n2172
Entry 2173,https://e2173.example,u2173,"p,2173""x",n2173
Entry 2174,https://e2174.example,u2174,"p,2174""x",n2174
Entry 2175,https://e2175.example,u2175,"p,2175""x",n2175
Entry 2176,https://e2176.example,u2176,"p,2176""x",n2176
Entry 2177,https://e2177.example,u2177,"p,2177""x",n2177
Entry 2178,https://e2178.example,u2178,"p,2178""x",n2178
Entry 2179,https://e2179.example,u2179,"p,2179""x",n2179
Entry 2180,https://e2180.example,u2180,"p,2180""x",n2180
Entry 2181,https://e2181.example,u2181,"p,2181""x",n2181
Entry 2182,https://e2182.example,u2182,"p,2182""x",n2182
Entry 2183,https://e2183.example,u2183,"p,2183""x",n2183
Entry 2184,https://e2184.example,u2184,"p,2184""x",n2184
Entry 2185,https://e2185.example,u2185,"p,2185""x",n2185
Entry 2186,https://e2186.example,u2186,"p,2186""x",n2186
Entry 2187,https://e2187.example,u2187,"p,2187""x",n2187
Entry 2188,https://e2188.example,u2188,"p,2188""x",n2188
Entry 2189,https://e2189.example,u2189,"p,2189""x",n2189
Entry 2190,https://e2190.example,u2190,"p,2190""x",n2190
Entry 2191,https://e2191.example,u2191,"p,2191""x",n2191
Entry 2192,https://e2192.example,u2192,"p,2192""x",n2192
Entry 2193,https://e2193.example,u2193,"p,2193""x",n2193
Entry 2194,https://e2194.example,u2194,"p,2194""x",n2194
Entry 2195,https://e2195.example,u2195,"p,2195""x",n2195
Entry 2196,https://e2196.example,u2196,"p,2196""x",n2196
Entry 2197,https://e2197.example,u2197,"p,2197""x",n2197
Entry 2198,https://e2198.example,u2198,"p,2198""x",n2198
Entry 2199,https://e2199.example,u2199,"p,2199""x",n2199
Entry 2200,https://e2200.example,u2200,"p,2200""x",n2200
Entry 2201,https://e2201.example,u2201,"p,2201""x",n2201
Entry 2202,https://e2202.example,u2202,"p,2202""x",n2202
Entry 2203,https://e2203.example,u2203,"p,2203""x",n2203
Entry 2204,https://e2204.example,u2204,"p,2204""x",n2204
Entry 2205,https://e2205.example,u2205,"p,2205""x",n2205
Entry 2206,https://e2206.example,u2206,"p,2206""x",n2206
Entry 2207,https://e2207.example,u2207,"p,2207""x",n2207
Entry 2208,https://e2208.example,u2208,"p,2208""x",n2208
Entry 2209,https://e2209.example,u2209,"p,2209""x",n2209
Entry 2210,https://e2210.example,u2210,"p,2210""x",n2210
Entry 2211,https://e2211.example,u2211,"p,2211""x",n2211
Entry 2212,https://e2212.example,u2212,"p,2212""x",n2212
Entry 2213,https://e2213.example,u2213,"p,2213""x",n2213
Entry 2214,https://e2214.example,u2214,"p,2214""x",n2214
Entry 2215,https://e2215.example,u2215,"p,2215""x",n2215
Entry 2216,https://e2216.example,u2216,"p,2216""x",n2216
Entry 2217,https://e2217.example,u2217,"p,2217""x",n2217
Entry 2218,https://e2218.example,u2218,"p,2218""x",n2218
Entry 2219,https://e2219.example,u2219,"p,2219""x",n2219
Entry 2220,https://e2220.example,u2220,"p,2220""x",n2220
Entry 2221,https://e2221.example,u2221,"p,2221""x",n2221
Entry 2222,https://e2222.example,u2222,"p,2222""x",n2222
Entry 2223,https://e2223.example,u2223,"p,2223""x",n2223
Entry 2224,https://e2224.example,u2224,"p,2224""x",n2224
Entry 2225,https://e2225.example,u2225,"p,2225""x",n2225
Entry 2226,https://e2226.example,u2226,"p,2226""x",n2226
Entry 2227,https://e2227.example,u2227,"p,2227""x",n2227
Entry 2228,https://e2228.example,u2228,"p,2228""x",n2228
Entry 2229,https://e2229.example,u2229,"p,2229""x",n2229
Entry 2230,https://e2230.example,u2230,"p,2230""x",n2230
Entry 2231,https://e2231.example,u2231,"p,2231""x",n2231
Entry 2232,https://e2232.example,u2232,"p,2232""x",n2232
Entry 2233,https://e2233.example,u2233,"p,2233""x",n2233
Entry 2234,https://e2234.example,u2234,"p,2234""x",n2234
Entry 2235,https://e2235.example,u2235,"p,2235""x",n2235
Entry 2236,https://e2236.example,u2236,"p,2236""x",n2236
Entry 2237,https://e2237.example,u2237,"p,2237""x",n2237
Entry 2238,https://e2238.example,u2238,"p,2238""x",n2238
Entry 2239,https://e2239.example,u2239,"p,2239""x",n2239
Entry 2240,https://e2240.example,u2240,"p,2240""x",n2240
Entry 2241,https://e2241.example,u2241,"p,2241""x",n2241
Entry 2242,https://e2242.example,u2242,"p,2242""x",n2242
Entry 2243,https://e2243.example,u2243,"p,2243""x",n2243
Entry 2244,https://e2244.example,u2244,"p,2244""x",n2244
Entry 2245,https://e2245.example,u2245,"p,2245""x",n2245
Entry 2246,https://e2246.example,u2246,"p,2246""x",n2246
Entry 2247,https://e2247.example,u2247,"p,2247""x",n2247
Entry 2248,https://e2248.example,u2248,"p,2248""x",n2248
Entry 2249,https://e2249.example,u2249,"p,2249""x",n2249
Entry 2250,https://e2250.example,u2250,"p,2250""x",n2250
Entry 2251,https://e2251.example,u2251,"p,2251""x",n2251
Entry 2252,https://e2252.example,u2252,"p,2252""x",n2252
Entry 2253,https://e2253.example,u2253,"p,2253""x",n2253
Entry 2254,https://e2254.example,u2254,"p,2254""x",n2254
Entry 2255,https://e2255.example,u2255,"p,2255""x",n2255
Entry 2256,https://e2256.example,u2256,"p,2256""x",n2256
Entry 2257,https://e2257.example,u2257,"p,2257""x",n2257
Entry 2258,https://e2258.example,u2258,"p,2258""x",n2258
Entry 2259,https://e2259.example,u2259,"p,2259""x",n2259
Entry 2260,https://e2260.example,u2260,"p,2260""x",n2260
Entry 2261,https://e2261.example,u2261,"p,2261""x",n2261
Entry 2262,https://e2262.example,u2262,"p,2262""x",n2262
Entry 2263,https://e2263.example,u2263,"p,2263""x",n2263
Entry 2264,https://e2264.example,u2264,"p,2264""x",n2264
Entry 2265,https://e2265.example,u2265,"p,2265""x",n2265
Entry 2266,https://e2266.example,u2266,"p,2266""x",n2266
Entry 2267,https://e2267.example,u2267,"p,2267""x",n2267
Entry 2268,https://e2268.example,u2268,"p,2268""x",n2268
Entry 2269,https://e2269.example,u2269,"p,2269""x",n2269
Entry 2270,https://e2270.example,u2270,"p,2270""x",n2270
Entry 2271,https://e2271.example,u2271,"p,2271""x",n2271
Entry 2272,https://e2272.example,u2272,"p,2272""x",n2272
Entry 2273,https://e2273.example,u2273,"p,2273""x",n2273
Entry 2274,https://e2274.example,u2274,"p,2274""x",n2274
Entry 2275,https://e2275.example,u2275,"p,2275""x",n2275
Entry 2276,https://e2276.example,u2276,"p,2276""x",n2276
Entry 2277,https://e2277.example,u2277,"p,2277""x",n2277
Entry 2278,https://e2278.example,u2278,"p,2278""x",n2278
Entry 2279,https://e2279.example,u2279,"p,2279""x",n2279
Entry 2280,https://e2280.example,u2280,"p,2280""x",n2280
Entry 2281,https://e2281.example,u2281,"p,2281""x",n2281
Entry 2282,https://e2282.example,u2282,"p,2282""x",n2282
Entry 2283,https://e2283.example,u2283,"p,2283""x",n2283
Entry 2284,https://e2284.example,u2284,"p,2284""x",n2284
Entry 2285,https://e2285.example,u2285,"p,2285""x",n2285
Entry 2286,https://e2286.example,u2286,"p,2286""x",n2286
Entry 2287,https://e2287.example,u2287,"p,2287""x",n2287
Entry 2288,https://e2288.example,u2288,"p,2288""x",n2288
Entry 2289,https://e2289.example,u2289,"p,2289""x",n2289
Entry 2290,https://e2290.example,u2290,"p,2290""x",n2290
Entry 2291,https://e2291.example,u2291,"p,2291""x",n2291
Entry 2292,https://e2292.example,u2292,"p,2292""x",n2292
Entry 2293,https://e2293.example,u2293,"p,2293""x",n2293
Entry 2294,https://e2294.example,u2294,"p,2294""x",n2294
Entry 2295,https://e2295.example,u2295,"p,2295""x",n2295
Entry 2296,https://e2296.example,u2296,"p,2296""x",n2296
Entry 2297,https://e2297.example,u2297,"p,2297""x",n2297
Entry 2298,https://e2298.example,u2298,"p,2298""x",n2298
Entry 2299,https://e2299.example,u2299,"p,2299""x",n2299
Entry 2300,https://e2300.example,u2300,"p,2300""x",n2300
Entry 2301,https://e2301.example,u2301,"p,2301""x",n2301
Entry 2302,https://e2302.example,u2302,"p,2302""x",n2302
Entry 2303,https://e2303.example,u2303,"p,2303""x",n2303
Entry 2304,https://e2304.example,u2304,"p,2304""x",n2304
Entry 2305,https://e2305.example,u2305,"p,2305""x",n2305
Entry 2306,https://e2306.example,u2306,"p,2306""x",n2306
Entry 2307,https://e2307.example,u2307,"p,2307""x",n2307
Entry 2308,https://e2308.example,u2308,"p,2308""x",n2308
Entry 2309,https://e2309.example,u2309,"p,2309""x",n2309
Entry 2310,https://e2310.example,u2310,"p,2310""x",n2310
Entry 2311,https://e2311.example,u2311,"p,2311""x",n2311
Entry 2312,https://e2312.example,u2312,"p,2312""x",n2312
Entry 2313,https://e2313.example,u2313,"p,2313""x",n2313
Entry 2314,https://e2314.example,u2314,"p,2314""x",n2314
Entry 2315,https://e2315.example,u2315,"p,2315""x",n2315
Entry 2316,https://e2316.example,u2316,"p,2316""x",n2316
Entry 2317,https://e2317.example,u2317,"p,2317""x",n2317
Entry 2318,https://e2318.example,u2318,"p,2318""x",n2318
Entry 2319,https://e2319.example,u2319,"p,2319""x",n2319
Entry 2320,https://e2320.example,u2320,"p,2320""x",n2320
Entry 2321,https://e2321.example,u2321,"p,2321""x",n2321
Entry 2322,https://e2322.example,u2322,"p,2322""x",n2322
Entry 2323,https://e2323.example,u2323,"p,2323""x",n2323
Entry 2324,https://e2324.example,u2324,"p,2324""x",n2324
Entry 2325,https://e2325.example,u2325,"p,2325""x",n2325
Entry 2326,https://e2326.example,u2326,"p,2326""x",n2326
Entry 2327,https://e2327.example,u2327,"p,2327""x",n2327
Entry 2328,https://e2328.example,u2328,"p,2328""x",n2328
Entry 2329,https://e2329.example,u2329,"p,2329""x",n2329
Entry 2330,https://e2330.example,u2330,"p,2330""x",n2330
Entry 2331,https://e2331.example,u2331,"p,2331""x",n2331
Entry 2332,https://e2332.example,u2332,"p,2332""x",n2332
Entry 2333,https://e2333.example,u2333,"p,2333""x",n2333
Entry 2334,https://e2334.example,u2334,"p,2334""x",n2334
Entry 2335,https://e2335.example,u2335,"p,2335""x",n2335
Entry 2336,https://e2336.example,u2336,"p,2336""x",n2336
Entry 2337,https://e2337.example,u2337,"p,2337""x",n2337
Entry 2338,https://e2338.example,u2338,"p,2338""x",n2338
Entry 2339,https://e2339.example,u2339,"p,2339""x",n2339
Entry 2340,https://e2340.example,u2340,"p,2340""x",n2340
Entry 2341,https://e2341.example,u2341,"p,2341""x",n2341
Entry 2342,https://e2342.example,u2342,"p,2342""x",n2342
Entry 2343,https://e2343.example,u2343,"p,2343""x",n2343
Entry 2344,https://e2344.example,u2344,"p,2344""x",n2344
Entry 2345,https://e2345.example,u2345,"p,2345""x",n2345
Entry 2346,https://e2346.example,u2346,"p,2346""x",n2346
Entry 2347,https://e2347.example,u2347,"p,2347""x",n2347
Entry 2348,https://e2348.example,u2348,"p,2348""x",n2348
Entry 2349,https://e2349.example,u2349,"p,2349""x",n2349
Entry 2350,https://e2350.example,u2350,"p,2350""x",n2350
Entry 2351,https://e2351.example,u2351,"p,2351""x",n2351
Entry 2352,https://e2352.example,u2352,"p,2352""x",n2352
Entry 2353,https://e2353.example,u2353,"p,2353""x",n2353
Entry 2354,https://e2354.example,u2354,"p,2354""x",n2354
Entry 2355,https://e2355.example,u2355,"p,2355""x",n2355
Entry 2356,https://e2356.example,u2356,"p,2356""x",n2356
Entry 2357,https://e2357.example,u2357,"p,2357""x",n2357
Entry 2358,https://e2358.example,u2358,"p,2358""x",n2358
Entry 2359,https://e2359.example,u2359,"p,2359""x",n2359
Entry 2360,https://e2360.example,u2360,"p,2360""x",n2360
Entry 2361,https://e2361.example,u2361,"p,2361""x",n2361
Entry 2362,https://e2362.example,u2362,"p,2362""x",n2362
Entry 2363,https://e2363.example,u2363,"p,2363""x",n2363
Entry 2364,https://e2364.example,u2364,"p,2364""x",n2364
Entry 2365,https://e2365.example,u2365,"p,2365""x",n2365
Entry 2366,https://e2366.example,u2366,"p,2366""x",n2366
Entry 2367,https://e2367.example,u2367,"p,2367""x",n2367
Entry 2368,https://e2368.example,u2368,"p,2368""x",n2368
Entry 2369,https://e2369.example,u2369,"p,2369""x",n2369
Entry 2370,https://e2370.example,u2370,"p,2370""x",n2370
Entry 2371,https://e2371.example,u2371,"p,2371""x",n2371
Entry 2372,https://e2372.example,u2372,"p,2372""x",n2372
Entry 2373,https://e2373.example,u2373,"p,2373""x",n2373
Entry 2374,https://e2374.example,u2374,"p,2374""x",n2374
Entry 2375,https://e2375.example,u2375,"p,2375""x",n2375
Entry 2376,https://e2376.example,u2376,"p,2376""x",n2376
Entry 2377,https://e2377.example,u2377,"p,2377""x",n2377
Entry 2378,https://e2378.example,u2378,"p,2378""x",n2378
Entry 2379,https://e2379.example,u2379,"p,2379""x",n2379
Entry 2380,https://e2380.example,u2380,"p,2380""x",n2380
Entry 2381,https://e2381.example,u2381,"p,2381""x",n2381
Entry 2382,https://e2382.example,u2382,"p,2382""x",n2382
Entry 2383,https://e2383.example,u2383,"p,2383""x",n2383
Entry 2384,https://e2384.example,u2384,"p,2384""x",n2384
Entry 2385,https://e2385.example,u2385,"p,2385""x",n2385
Entry 2386,https://e2386.example,u2386,"p,2386""x",n2386
Entry 2387,https://e2387.example,u2387,"p,2387""x",n2387
Entry 2388,https://e2388.example,u2388,"p,2388""x",n2388
Entry 2389,https://e2389.example,u2389,"p,2389""x",n2389
Entry 2390,https://e2390.example,u2390,"p,2390""x",n2390
Entry 2391,https://e2391.example,u2391,"p,2391""x",n2391
Entry 2392,https://e2392.example,u2392,"p,2392""x",n2392
Entry 2393,https://e2393.example,u2393,"p,2393""x",n2393
Entry 2394,https://e2394.example,u2394,"p,2394""x",n2394
Entry 2395,https://e2395.example,u2395,"p,2395""x",n2395
Entry 2396,https://e2396.example,u2396,"p,2396""x",n2396
Entry 2397,https://e2397.example,u2397,"p,2397""x",n2397
Entry 2398,https://e2398.example,u2398,"p,2398""x",n2398
Entry 2399,https://e2399.example,u2399,"p,2399""x",n2399
Entry 2400,https://e2400.example,u2400,"p,2400""x",n2400
Entry 2401,https://e2401.example,u2401,"p,2401""x",n2401
Entry 2402,https://e2402.example,u2402,"p,2402""x",n2402
Entry 2403,https://e2403.example,u2403,"p,2403""x",n2403
Entry 2404,https://e2404.example,u2404,"p,2404""x",n2404
Entry 2405,https://e2405.example,u2405,"p,2405""x",n2405
Entry 2406,https://e2406.example,u2406,"p,2406""x",n2406
Entry 2407,https://e2407.example,u2407,"p,2407""x",n2407
Entry 2408,https://e2408.example,u2408,"p,2408""x",n2408
Entry 2409,https://e2409.example,u2409,"p,2409""x",n2409
Entry 2410,https://e2410.example,u2410,"p,2410""x",n2410
Entry 2411,https://e2411.example,u2411,"p,2411""x",n2411
Entry 2412,https://e2412.example,u2412,"p,2412""x",n2412
Entry 2413,https://e2413.example,u2413,"p,2413""x",n2413
Entry 2414,https://e2414.example,u2414,"p,2414""x",n2414
Entry 2415,https://e2415.example,u2415,"p,2415""x",n2415
Entry 2416,https://e2416.example,u2416,"p,2416""x",n2416
Entry 2417,https://e2417.example,u2417,"p,2417""x",n2417
Entry 2418,https://e2418.example,u2418,"p,2418""x",n2418
Entry 2419,https://e2419.example,u2419,"p,2419""x",n2419
Entry 2420,https://e2420.example,u2420,"p,2420""x",n2420
Entry 2421,https://e2421.example,u2421,"p,2421""x",n2421
Entry 2422,https://e2422.example,u2422,"p,2422""x",n2422
Entry 2423,https://e2423.example,u2423,"p,2423""x",n2423
Entry 2424,https://e2424.example,u2424,"p,2424""x",n2424
Entry 2425,https://e2425.example,u2425,"p,2425""x",n2425
Entry 2426,https://e2426.example,u2426,"p,2426""x",n2426
Entry 2427,https://e2427.example,u2427,"p,2427""x",n2427
Entry 2428,https://e2428.example,u2428,"p,2428""x",n2428
Entry 2429,https://e2429.example,u2429,"p,2429""x",n2429
Entry 2430,https://e2430.example,u2430,"p,2430""x",n2430
Entry 2431,https://e2431.example,u2431,"p,2431""x",n2431
Entry 2432,https://e2432.example,u2432,"p,2432""x",n2432
Entry 2433,https://e2433.example,u2433,"p,2433""x",n2433
Entry 2434,https://e2434.example,u2434,"p,2434""x",n2434
Entry 2435,https://e2435.example,u2435,"p,2435""x",n2435
Entry 2436,https://e2436.example,u2436,"p,2436""x",n2436
Entry 2437,https://e2437.example,u2437,"p,2437""x",n2437
Entry 2438,https://e2438.example,u2438,"p,2438""x",n2438
Entry 2439,https://e2439.example,u2439,"p,2439""x",n2439
Entry 2440,https://e2440.example,u2440,"p,2440""x",n2440
Entry 2441,https://e2441.example,u2441,"p,2441""x",n2441
Entry 2442,https://e2442.example,u2442,"p,2442""x",n2442
Entry 2443,https://e2443.example,u2443,"p,2443""x",n2443
Entry 2444,https://e2444.example,u2444,"p,2444""x",n2444
Entry 2445,https://e2445.example,u2445,"p,2445""x",n2445
Entry 2446,https://e2446.example,u2446,"p,2446""x",n2446
Entry 2447,https://e2447.example,u2447,"p,2447""x",n2447
Entry 2448,https://e2448.example,u2448,"p,2448""x",n2448
Entry 2449,https://e2449.example,u2449,"p,2449""x",n2449
Entry 2450,https://e2450.example,u2450,"p,2450""x",n2450
Entry 2451,https://e2451.example,u2451,"p,2451""x",n2451
Entry 2452,https://e2452.example,u2452,"p,2452""x",n2452
Entry 2453,https://e2453.example,u2453,"p,2453""x",n2453
Entry 2454,https://e2454.example,u2454,"p,2454""x",n2454
Entry 2455,https://e2455.example,u2455,"p,2455""x",n2455
Entry 2456,https://e2456.example,u2456,"p,2456""x",n2456
Entry 2457,https://e2457.example,u2457,"p,2457""x",n2457
Entry 2458,https://e2458.example,u2458,"p,2458""x",n2458
Entry 2459,https://e2459.example,u2459,"p,2459""x",n2459
Entry 2460,https://e2460.example,u2460,"p,2460""x",n2460
Entry 2461,https://e2461.example,u2461,"p,2461""x",n2461
Entry 2462,https://e2462.example,u2462,"p,2462""x",n2462
Entry 2463,https://e2463.example,u2463,"p,2463""x",n2463
Entry 2464,https://e2464.example,u2464,"p,2464""x",n2464
Entry 2465,https://e2465.example,u2465,"p,2465""x",n2465
Entry 2466,https://e2466.example,u2466,"p,2466""x",n2466
Entry 2467,https://e2467.example,u2467,"p,2467""x",n2467
Entry 2468,https://e2468.example,u2468,"p,2468""x",n2468
Entry 2469,https://e2469.example,u2469,"p,2469""x",n2469
Entry 2470,https://e2470.example,u2470,"p,2470""x",n2470
Entry 2471,https://e2471.example,u2471,"p,2471""x",n2471
Entry 2472,https://e2472.example,u2472,"p,2472""x",n2472
Entry 2473,https://e2473.example,u2473,"p,2473""x",n2473
Entry 2474,https://e2474.example,u2474,"p,2474""x",n2474
Entry 2475,https://e2475.example,u2475,"p,2475""x",n2475
Entry 2476,https://e2476.example,u2476,"p,2476""x",n2476
Entry 2477,https://e2477.example,u2477,"p,2477""x",n2477
Entry 2478,https://e2478.example,u2478,"p,2478""x",n2478
Entry 2479,https://e2479.example,u2479,"p,2479""x",n2479
Entry 2480,https://e2480.example,u2480,"p,2480""x",n2480
Entry 2481,https://e2481.example,u2481,"p,2481""x",n2481
Entry 2482,https://e2482.example,u2482,"p,2482""x",n2482
Entry 2483,https://e2483.example,u2483,"p,2483""x",n2483
Entry 2484,https://e2484.example,u2484,"p,2484""x",n2484
Entry 2485,https://e2485.example,u2485,"p,2485""x",n2485
Entry 2486,https://e2486.example,u2486,"p,2486""x",n2486
Entry 2487,https://e2487.example,u2487,"p,2487""x",n2487
Entry 2488,https://e2488.example,u2488,"p,2488""x",n2488
Entry 2489,https://e2489.example,u2489,"p,2489""x",n2489
Entry 2490,https://e2490.example,u2490,"p,2490""x",n2490
Entry 2491,https://e2491.example,u2491,"p,2491""x",n2491
Entry 2492,https://e2492.example,u2492,"p,2492""x",n2492
Entry 2493,https://e2493.example,u2493,"p,2493""x",n2493
Entry 2494,https://e2494.example,u2494,"p,2494""x",n2494
Entry 2495,https://e2495.example,u2495,"p,2495""x",n2495
Entry 2496,https://e2496.example,u2496,"p,2496""x",n2496
Entry 2497,https://e2497.example,u2497,"p,2497""x",n2497
Entry 2498,https://e2498.example,u2498,"p,2498""x",n2498
Entry 2499,https://e2499.example,u2499,"p,2499""x",n2499
Entry 2500,https://e2500.example,u2500,"p,2500""x",n2500
Entry 2501,https://e2501.example,u2501,"p,2501""x",n2501
Entry 2502,https://e2502.example,u2502,"p,2502""x",n2502
Entry 2503,https://e2503.example,u2503,"p,2503""x",n2503
Entry 2504,https://e2504.example,u2504,"p,2504""x",n2504
Entry 2505,https://e2505.example,u2505,"p,2505""x",n2505
Entry 2506,https://e2506.example,u2506,"p,2506""x",n2506
Entry 2507,https://e2507.example,u2507,"p,2507""x",n2507
Entry 2508,https://e2508.example,u2508,"p,2508""x",n2508
Entry 2509,https://e2509.example,u2509,"p,2509""x",n2509
Entry 2510,https://e2510.example,u2510,"p,2510""x",n2510
Entry 2511,https://e2511.example,u2511,"p,2511""x",n2511
Entry 2512,https://e2512.example,u2512,"p,2512""x",n2512
Entry 2513,https://e2513.example,u2513,"p,2513""x",n2513
Entry 2514,https://e2514.example,u2514,"p,2514""x",n2514
Entry 2515,https://e2515.example,u2515,"p,2515""x",n2515
Entry 2516,https://e2516.example,u2516,"p,2516""x",n2516
Entry 2517,https://e2517.example,u2517,"p,2517""x",n2517
Entry 2518,https://e2518.example,u2518,"p,2518""x",n2518
Entry 2519,https://e2519.example,u2519,"p,2519""x",n2519
Entry 2520,https://e2520.example,u2520,"p,2520""x",n2520
Entry 2521,https://e2521.example,u2521,"p,2521""x",n2521
Entry 2522,https://e2522.example,u2522,"p,2522""x",n2522
Entry 2523,https://e2523.example,u2523,"p,2523""x",n2523
Entry 2524,https://e2524.example,u2524,"p,2524""x",n2524
Entry 2525,https://e2525.example,u2525,"p,2525""x",n2525
Entry 2526,https://e2526.example,u2526,"p,2526""x",n2526
Entry 2527,https://e2527.example,u2527,"p,2527""x",n2527
Entry 2528,https://e2528.example,u2528,"p,2528""x",n2528
Entry 2529,https://e2529.example,u2529,"p,2529""x",n2529
Entry 2530,https://e2530.example,u2530,"p,2530""x",n2530
Entry 2531,https://e2531.example,u2531,"p,2531""x",n2531
Entry 2532,https://e2532.example,u2532,"p,2532""x",n2532
Entry 2533,https://e2533.example,u2533,"p,2533""x",n2533
Entry 2534,https://e2534.example,u2534,"p,2534""x",n2534
Entry 2535,https://e2535.example,u2535,"p,2535""x",n2535
Entry 2536,https://e2536.example,u2536,"p,2536""x",n2536
Entry 2537,https://e2537.example,u2537,"p,2537""x",n2537
Entry 2538,https://e2538.example,u2538,"p,2538""x",n2538
Entry 2539,https://e2539.example,u2539,"p,2539""x",n2539
Entry 2540,https://e2540.example,u2540,"p,2540""x",n2540
Entry 2541,https://e2541.example,u2541,"p,2541""x",n2541
Entry 2542,https://e2542.example,u2542,"p,2542""x",n2542
Entry 2543,https://e2543.example,u2543,"p,2543""x",n2543
Entry 2544,https://e2544.example,u2544,"p,2544""x",n2544
Entry 2545,https://e2545.example,u2545,"p,2545""x",n2545
Entry 2546,https://e2546.example,u2546,"p,2546""x",n2546
Entry 2547,https://e2547.example,u2547,"p,2547""x",n2547
Entry 2548,https://e2548.example,u2548,"p,2548""x",n2548
Entry 2549,https://e2549.example,u2549,"p,2549""x",n2549
Entry 2550,https://e2550.example,u2550,"p,2550""x",n2550
Entry 2551,https://e2551.example,u2551,"p,2551""x",n2551
Entry 2552,https://e2552.example,u2552,"p,2552""x",n2552
Entry 2553,https://e2553.example,u2553,"p,2553""x",n2553
Entry 2554,https://e2554.example,u2554,"p,2554""x",n2554
Entry 2555,https://e2555.example,u2555,"p,2555""x",n2555
Entry 2556,https://e2556.example,u2556,"p,2556""x",n2556
Entry 2557,https://e2557.example,u2557,"p,2557""x",n2557
Entry 2558,https://e2558.example,u2558,"p,2558""x",n2558
Entry 2559,https://e2559.example,u2559,"p,2559""x",n2559
Entry 2560,https://e2560.example,u2560,"p,2560""x",n2560
Entry 2561,https://e2561.example,u2561,"p,2561""x",n2561
Entry 2562,https://e2562.example,u2562,"p,2562""x",n2562
Entry 2563,https://e2563.example,u2563,"p,2563""x",n2563
Entry 2564,https://e2564.example,u2564,"p,2564""x",n2564
Entry 2565,https://e2565.example,u2565,"p,2565""x",n2565
Entry 2566,https://e2566.example,u2566,"p,2566""x",n2566
Entry 2567,https://e2567.example,u2567,"p,2567""x",n2567
Entry 2568,https://e2568.example,u2568,"p,2568""x",n2568
Entry 2569,https://e2569.example,u2569,"p,2569""x",n2569
Entry 2570,https://e2570.example,u2570,"p,2570""x",n2570
Entry 2571,https://e2571.example,u2571,"p,2571""x",n2571
Entry 2572,https://e2572.example,u2572,"p,2572""x",n2572
Entry 2573,https://e2573.example,u2573,"p,2573""x",n2573
Entry 2574,https://e2574.example,u2574,"p,2574""x",n2574
Entry 2575,https://e2575.example,u2575,"p,2575""x",n2575
Entry 2576,https://e2576.example,u2576,"p,2576""x",n2576
Entry 2577,https://e2577.example,u2577,"p,2577""x",n2577
Entry 2578,https://e2578.example,u2578,"p,2578""x",n2578
Entry 2579,https://e2579.example,u2579,"p,2579""x",n2579
Entry 2580,https://e2580.example,u2580,"p,2580""x",n2580
Entry 2581,https://e2581.example,u2581,"p,2581""x",n2581
Entry 2582,https://e2582.example,u2582,"p,2582""x",n2582
Entry 2583,https://e2583.example,u2583,"p,2583""x",n2583
Entry 2584,https://e2584.example,u2584,"p,2584""x",n2584
Entry 2585,https://e2585.example,u2585,"p,2585""x",n2585
Entry 2586,https://e2586.example,u2586,"p,2586""x",n2586
Entry 2587,https://e2587.example,u2587,"p,2587""x",n2587
Entry 2588,https://e2588.example,u2588,"p,2588""x",n2588
Entry 2589,https://e2589.example,u2589,"p,2589""x",n2589
Entry 2590,https://e2590.example,u2590,"p,2590""x",n2590
Entry 2591,https://e2591.example,u2591,"p,2591""x",n2591
Entry 2592,https://e2592.example,u2592,"p,2592""x",n2592
Entry 2593,https://e2593.example,u2593,"p,2593""x",n2593
Entry 2594,https://e2594.example,u2594,"p,2594""x",n2594
Entry 2595,https://e2595.example,u2595,"p,2595""x",n2595
Entry 2596,https://e2596.example,u2596,"p,2596""x",n2596
Entry 2597,https://e2597.example,u2597,"p,2597""x",n2597
Entry 2598,https://e2598.example,u2598,"p,2598""x",n2598
Entry 2599,https://e2599.example,u2599,"p,2599""x",n2599
Entry 2600,https://e2600.example,u2600,"p,2600""x",n2600
Entry 2601,https://e2601.example,u2601,"p,2601""x",n2601
Entry 2602,https://e2602.example,u2602,"p,2602""x",n2602
Entry 2603,https://e2603.example,u2603,"p,2603""x",n2603
Entry 2604,https://e2604.example,u2604,"p,2604""x",n2604
Entry 2605,https://e2605.example,u2605,"p,2605""x",n2605
Entry 2606,https://e2606.example,u2606,"p,2606""x",n2606
Entry 2607,https://e2607.example,u2607,"p,2607""x",n2607
Entry 2608,https://e2608.example,u2608,"p,2608""x",n2608
Entry 2609,https://e2609.example,u2609,"p,2609""x",n2609
Entry 2610,https://e2610.example,u2610,"p,2610""x",n2610
Entry 2611,https://e2611.example,u2611,"p,2611""x",n2611
Entry 2612,https://e2612.example,u2612,"p,2612""x",n2612
Entry 2613,https://e2613.example,u2613,"p,2613""x",n2613
Entry 2614,https://e2614.example,u2614,"p,2614""x",n2614
Entry 2615,https://e2615.example,u2615,"p,2615""x",n2615
Entry 2616,https://e2616.example,u2616,"p,2616""x",n2616
Entry 2617,https://e2617.example,u2617,"p,2617""x",n2617
Entry 2618,https://e2618.example,u2618,"p,2618""x",n2618
Entry 2619,https://e2619.example,u2619,"p,2619""x",n2619
Entry 2620,https://e2620.example,u2620,"p,2620""x",n2620
Entry 2621,https://e2621.example,u2621,"p,2621""x",n2621
Entry 2622,https://e2622.example,u2622,"p,2622""x",n2622
Entry 2623,https://e2623.example,u2623,"p,2623""x",n2623
Entry 2624,https://e2624.example,u2624,"p,2624""x",n2624
Entry 2625,https://e2625.example,u2625,"p,2625""x",n2625
Entry 2626,https://e2626.example,u2626,"p,2626""x",n2626
Entry 2627,https://e2627.example,u2627,"p,2627""x",n2627
Entry 2628,https://e2628.example,u2628,"p,2628""x",n2628
Entry 2629,https://e2629.example,u2629,"p,2629""x",n2629
Entry 2630,https://e2630.example,u2630,"p,2630""x",n2630
Entry 2631,https://e2631.example,u2631,"p,2631""x",n2631
Entry 2632,https://e2632.example,u2632,"p,2632""x",n2632
Entry 2633,https://e2633.example,u2633,"p,2633""x",n2633
Entry 2634,https://e2634.example,u2634,"p,2634""x",n2634
Entry 2635,https://e2635.example,u2635,"p,2635""x",n2635
Entry 2636,https://e2636.example,u2636,"p,2636""x",n2636
Entry 2637,https://e2637.example,u2637,"p,2637""x",n2637
Entry 2638,https://e2638.example,u2638,"p,2638""x",n2638
Entry 2639,https://e2639.example,u2639,"p,2639""x",n2639
Entry 2640,https://e2640.example,u2640,"p,2640""x",n2640
Entry 2641,https://e2641.example,u2641,"p,2641""x",n2641
Entry 2642,https://e2642.example,u2642,"p,2642""x",n2642
Entry 2643,https://e2643.example,u2643,"p,2643""x",n2643
Entry 2644,https://e2644.example,u2644,"p,2644""x",n2644
Entry 2645,https://e2645.example,u2645,"p,2645""x",n2645
Entry 2646,https://e2646.example,u2646,"p,2646""x",n2646
Entry 2647,https://e2647.example,u2647,"p,2647""x",n2647
Entry 2648,https://e2648.example,u2648,"p,2648""x",n2648
Entry 2649,https://e2649.example,u2649,"p,2649""x",n2649
Entry 2650,https://e2650.example,u2650,"p,2650""x",n2650
Entry 2651,https://e2651.example,u2651,"p,2651""x",n2651
Entry 2652,https://e2652.example,u2652,"p,2652""x",n2652
Entry 2653,https://e2653.example,u2653,"p,2653""x",n2653
Entry 2654,https://e2654.example,u2654,"p,2654""x",n2654
Entry 2655,https://e2655.example,u2655,"p,2655""x",n2655
Entry 2656,https://e2656.example,u2656,"p,2656""x",n2656
Entry 2657,https://e2657.example,u2657,"p,2657""x",n2657
Entry 2658,https://e2658.example,u2658,"p,2658""x",n2658
Entry 2659,https://e2659.example,u2659,"p,2659""x",n2659
Entry 2660,https://e2660.example,u2660,"p,2660""x",n2660
Entry 2661,https://e2661.example,u2661,"p,2661""x",n2661
Entry 2662,https://e2662.example,u2662,"p,2662""x",n2662
Entry 2663,https://e2663.example,u2663,"p,2663""x",n2663
Entry 2664,https://e2664.example,u2664,"p,2664""x",n2664
Entry 2665,https://e2665.example,u2665,"p,2665""x",n2665
Entry 2666,https://e2666.example,u2666,"p,2666""x",n2666
Entry 2667,https://e2667.example,u2667,"p,2667""x",n2667
Entry 2668,https://e2668.example,u2668,"p,2668""x",n2668
Entry 2669,https://e2669.example,u2669,"p,2669""x",n2669
Entry 2670,https://e2670.example,u2670,"p,2670""x",n2670
Entry 2671,https://e2671.example,u2671,"p,2671""x",n2671
Entry 2672,https://e2672.example,u2672,"p,2672""x",n2672
Entry 2673,https://e2673.example,u2673,"p,2673""x",n2673
Entry 2674,https://e2674.example,u2674,"p,2674""x",n2674
Entry 2675,https://e2675.example,u2675,"p,2675""x",n2675
Entry 2676,https://e2676.example,u2676,"p,2676""x",n2676
Entry 2677,https://e2677.example,u2677,"p,2677""x",n2677
Entry 2678,https://e2678.example,u2678,"p,2678""x",n2678
Entry 2679,https://e2679.example,u2679,"p,2679""x",n2679
Entry 2680,https://e2680.example,u2680,"p,2680""x",n2680
Entry 2681,https://e2681.example,u2681,"p,2681""x",n2681
Entry 2682,https://e2682.example,u2682,"p,2682""x",n2682
Entry 2683,https://e2683.example,u2683,"p,2683""x",n2683
Entry 2684,https://e2684.example,u2684,"p,2684""x",n2684
Entry 2685,https://e2685.example,u2685,"p,2685""x",n2685
Entry 2686,https://e2686.example,u2686,"p,2686""x",n2686
Entry 2687,https://e2687.example,u2687,"p,2687""x",n2687
Entry 2688,https://e2688.example,u2688,"p,2688""x",n2688
Entry 2689,https://e2689.example,u2689,"p,2689""x",n2689
Entry 2690,https://e2690.example,u2690,"p,2690""x",n2690
Entry 2691,https://e2691.example,u2691,"p,2691""x",n2691
Entry 2692,https://e2692.example,u2692,"p,2692""x",n2692
Entry 2693,https://e2693.example,u2693,"p,2693""x",n2693
Entry 2694,https://e2694.example,u2694,"p,2694""x",n2694
Entry 2695,https://e2695.example,u2695,"p,2695""x",n2695
Entry 2696,https://e2696.example,u2696,"p,2696""x",n2696
Entry 2697,https://e2697.example,u2697,"p,2697""x",n2697
Entry 2698,https://e2698.example,u2698,"p,2698""x",n2698
Entry 2699,https://e2699.example,u2699,"p,2699""x",n2699
Entry 2700,https://e2700.example,u2700,"p,2700""x",n2700
Entry 2701,https://e2701.example,u2701,"p,2701""x",n2701
Entry 2702,https://e2702.example,u2702,"p,2702""x",n2702
Entry 2703,https://e2703.example,u2703,"p,2703""x",n2703
Entry 2704,https://e2704.example,u2704,"p,2704""x",n2704
Entry 2705,https://e2705.example,u2705,"p,2705""x",n2705
Entry 2706,https://e2706.example,u2706,"p,2706""x",n2706
Entry 2707,https://e2707.example,u2707,"p,2707""x",n2707
Entry 2708,https://e2708.example,u2708,"p,2708""x",n2708
Entry 2709,https://e2709.example,u2709,"p,2709""x",n2709
Entry 2710,https://e2710.example,u2710,"p,2710""x",n2710
Entry 2711,https://e2711.example,u2711,"p,2711""x",n2711
Entry 2712,https://e2712.example,u2712,"p,2712""x",n2712
Entry 2713,https://e2713.example,u2713,"p,2713""x",n2713
Entry 2714,https://e2714.example,u2714,"p,2714""x",n2714
Entry 2715,https://e2715.example,u2715,"p,2715""x",n2715
Entry 2716,https://e2716.example,u2716,"p,2716""x",n2716
Entry 2717,https://e2717.example,u2717,"p,2717""x",n2717
Entry 2718,https://e2718.example,u2718,"p,2718""x",n2718
Entry 2719,https://e2719.example,u2719,"p,2719""x",n2719
Entry 2720,https://e2720.example,u2720,"p,2720""x",n2720
Entry 2721,https://e2721.example,u2721,"p,2721""x",n2721
Entry 2722,https://e2722.example,u2722,"p,2722""x",n2722
Entry 2723,https://e2723.example,u2723,"p,2723""x",n2723
Entry 2724,https://e2724.example,u2724,"p,2724""x",n2724
Entry 2725,https://e2725.example,u2725,"p,2725""x",n2725
Entry 2726,https://e2726.example,u2726,"p,2726""x",n2726
Entry 2727,https://e2727.example,u2727,"p,2727""x",n2727
Entry 2728,https://e2728.example,u2728,"p,2728""x",n2728
Entry 2729,https://e2729.example,u2729,"p,2729""x",n2729
Entry 2730,https://e2730.example,u2730,"p,2730""x",n2730
Entry 2731,https://e2731.example,u2731,"p,2731""x",n2731
Entry 2732,https://e2732.example,u2732,"p,2732""x",n2732
Entry 2733,https://e2733.example,u2733,"p,2733""x",n2733
Entry 2734,https://e2734.example,u2734,"p,2734""x",n2734
Entry 2735,https://e2735.example,u2735,"p,2735""x",n2735
Entry 2736,https://e2736.example,u2736,"p,2736""x",n2736
Entry 2737,https://e2737.example,u2737,"p,2737""x",n2737
Entry 2738,https://e2738.example,u2738,"p,2738""x",n2738
Entry 2739,https://e2739.example,u2739,"p,2739""x",n2739
Entry 2740,https://e2740.example,u2740,"p,2740""x",n2740
Entry 2741,https://e2741.example,u2741,"p,2741""x",n2741
Entry 2742,https://e2742.example,u2742,"p,2742""x",n2742
Entry 2743,https://e2743.example,u2743,"p,2743""x",n2743
Entry 2744,https://e2744.example,u2744,"p,2744""x",n2744
Entry 2745,https://e2745.example,u2745,"p,2745""x",n2745
Entry 2746,https://e2746.example,u2746,"p,2746""x",n2746
Entry 2747,https://e2747.example,u2747,"p,2747""x",n2747
Entry 2748,https://e2748.example,u2748,"p,2748""x",n2748
Entry 2749,https://e2749.example,u2749,"p,2749""x",n2749
Entry 2750,https://e2750.example,u2750,"p,2750""x",n2750
Entry 2751,https://e2751.example,u2751,"p,2751""x",n2751
Entry 2752,https://e2752.example,u2752,"p,2752""x",n2752
Entry 2753,https://e2753.example,u2753,"p,2753""x",n2753
Entry 2754,https://e2754.example,u2754,"p,2754""x",n2754
Entry 2755,https://e2755.example,u2755,"p,2755""x",n2755
Entry 2756,https://e2756.example,u2756,"p,2756""x",n2756
Entry 2757,https://e2757.example,u2757,"p,2757""x",n2757
Entry 2758,https://e2758.example,u2758,"p,2758""x",n2758
Entry 2759,https://e2759.example,u2759,"p,2759""x",n2759
Entry 2760,https://e2760.example,u2760,"p,2760""x",n2760
Entry 2761,https://e2761.example,u2761,"p,2761""x",n2761
Entry 2762,https://e2762.example,u2762,"p,2762""x",n2762
Entry 2763,https://e2763.example,u2763,"p,2763""x",n2763
Entry 2764,https://e2764.example,u2764,"p,2764""x",n2764
Entry 2765,https://e2765.example,u2765,"p,2765""x",n2765
Entry 2766,https://e2766.example,u2766,"p,2766""x",n2766
Entry 2767,https://e2767.example,u2767,"p,2767""x",n2767
Entry 2768,https://e2768.example,u2768,"p,2768""x",n2768
Entry 2769,https://e2769.example,u2769,"p,2769""x",n2769
Entry 2770,https://e2770.example,u2770,"p,2770""x",n2770
Entry 2771,https://e2771.example,u2771,"p,2771""x",n2771
Entry 2772,https://e2772.example,u2772,"p,2772""x",n2772
Entry 2773,https://e2773.example,u2773,"p,2773""x",n2773
Entry 2774,https://e2774.example,u2774,"p,2774""x",n2774
Entry 2775,https://e2775.example,u2775,"p,2775""x",n2775
Entry 2776,https://e2776.example,u2776,"p,2776""x",n2776
Entry 2777,https://e2777.example,u2777,"p,2777""x",n2777
Entry 2778,https://e2778.example,u2778,"p,2778""x",n2778
Entry 2779,https://e2779.example,u2779,"p,2779""x",n2779
Entry 2780,https://e2780.example,u2780,"p,2780""x",n2780
Entry 2781,https://e2781.example,u2781,"p,2781""x",n2781
Entry 2782,https://e2782.example,u2782,"p,2782""x",n2782
Entry 2783,https://e2783.example,u2783,"p,2783""x",n2783
Entry 2784,https://e2784.example,u2784,"p,2784""x",n2784
Entry 2785,https://e2785.example,u2785,"p,2785""x",n2785
Entry 2786,https://e2786.example,u2786,"p,2786""x",n2786
Entry 2787,https://e2787.example,u2787,"p,2787""x",n2787
Entry 2788,https://e2788.example,u2788,"p,2788""x",n2788
Entry 2789,https://e2789.example,u2789,"p,2789""x",n2789
Entry 2790,https://e2790.example,u2790,"p,2790""x",n2790
Entry 2791,https://e2791.example,u2791,"p,2791""x",n2791
Entry 2792,https://e2792.example,u2792,"p,2792""x",n2792
Entry 2793,https://e2793.example,u2793,"p,2793""x",n2793
Entry 2794,https://e2794.example,u2794,"p,2794""x",n2794
Entry 2795,https://e2795.example,u2795,"p,2795""x",n2795
Entry 2796,https://e2796.example,u2796,"p,2796""x",n2796
Entry 2797,https://e2797.example,u2797,"p,2797""x",n2797
Entry 2798,https://e2798.example,u2798,"p,2798""x",n2798
Entry 2799,https://e2799.example,u2799,"p,2799""x",n2799
Entry 2800,https://e2800.example,u2800,"p,2800""x",n2800
Entry 2801,https://e2801.example,u2801,"p,2801""x",n2801
Entry 2802,https://e2802.example,u2802,"p,2802""x",n2802
Entry 2803,https://e2803.example,u2803,"p,2803""x",n2803
Entry 2804,https://e2804.example,u2804,"p,2804""x",n2804
Entry 2805,https://e2805.example,u2805,"p,2805""x",n2805
Entry 2806,https://e2806.example,u2806,"p,2806""x",n2806
Entry 2807,https://e2807.example,u2807,"p,2807""x",n2807
Entry 2808,https://e2808.example,u2808,"p,2808""x",n2808
Entry 2809,https://e2809.example,u2809,"p,2809""x",n2809
Entry 2810,https://e2810.example,u2810,"p,2810""x",n2810
Entry 2811,https://e2811.example,u2811,"p,2811""x",n2811
Entry 2812,https://e2812.example,u2812,"p,2812""x",n2812
Entry 2813,https://e2813.example,u2813,"p,2813""x",n2813
Entry 2814,https://e2814.example,u2814,"p,2814""x",n2814
Entry 2815,https://e2815.example,u2815,"p,2815""x",n2815
Entry 2816,https://e2816.example,u2816,"p,2816""x",n2816
Entry 2817,https://e2817.example,u2817,"p,2817""x",n2817
Entry 2818,https://e2818.example,u2818,"p,2818""x",n2818
Entry 2819,https://e2819.example,u2819,"p,2819""x",n2819
Entry 2820,https://e2820.example,u2820,"p,2820""x",n2820
Entry 2821,https://e2821.example,u2821,"p,2821""x",n2821
Entry 2822,https://e2822.example,u2822,"p,2822""x",n2822
Entry 2823,https://e2823.example,u2823,"p,2823""x",n2823
Entry 2824,https://e2824.example,u2824,"p,2824""x",n2824
Entry 2825,https://e2825.example,u2825,"p,2825""x",n2825
Entry 2826,https://e2826.example,u2826,"p,2826""x",n2826
Entry 2827,https://e2827.example,u2827,"p,2827""x",n2827
Entry 2828,https://e2828.example,u2828,"p,2828""x",n2828
Entry 2829,https://e2829.example,u2829,"p,2829""x",n2829
Entry 2830,https://e2830.example,u2830,"p,2830""x",n2830
Entry 2831,https://e2831.example,u2831,"p,2831""x",n2831
Entry 2832,https://e2832.example,u2832,"p,2832""x",n2832
Entry 2833,https://e2833.example,u2833,"p,2833""x",n2833
Entry 2834,https://e2834.example,u2834,"p,2834""x",n2834
Entry 2835,https://e2835.example,u2835,"p,2835""x",n2835
Entry 2836,https://e2836.example,u2836,"p,2836""x",n2836
Entry 2837,https://e2837.example,u2837,"p,2837""x",n2837
Entry 2838,https://e2838.example,u2838,"p,2838""x",n2838
Entry 2839,https://e2839.example,u2839,"p,2839""x",n2839
Entry 2840,https://e2840.example,u2840,"p,2840""x",n2840
Entry 2841,https://e2841.example,u2841,"p,2841""x",n2841
Entry 2842,https://e2842.example,u2842,"p,2842""x",n2842
Entry 2843,https://e2843.example,u2843,"p,2843""x",n2843
Entry 2844,https://e2844.example,u2844,"p,2844""x",n2844
Entry 2845,https://e2845.example,u2845,"p,2845""x",n2845
Entry 2846,https://e2846.example,u2846,"p,2846""x",n2846
Entry 2847,https://e2847.example,u2847,"p,2847""x",n2847
Entry 2848,https://e2848.example,u2848,"p,2848""x",n2848
Entry 2849,https://e2849.example,u2849,"p,2849""x",n2849
Entry 2850,https://e2850.example,u2850,"p,2850""x",n2850
Entry 2851,https://e2851.example,u2851,"p,2851""x",n2851
Entry 2852,https://e2852.example,u2852,"p,2852""x",n2852
Entry 2853,https://e2853.example,u2853,"p,2853""x",n2853
Entry 2854,https://e2854.example,u2854,"p,2854""x",n2854
Entry 2855,https://e2855.example,u2855,"p,2855""x",n2855
Entry 2856,https://e2856.example,u2856,"p,2856""x",n2856
Entry 2857,https://e2857.example,u2857,"p,2857""x",n2857
Entry 2858,https://e2858.example,u2858,"p,2858""x",n2858
Entry 2859,https://e2859.example,u2859,"p,2859""x",n2859
Entry 2860,https://e2860.example,u2860,"p,2860""x",n2860
Entry 2861,https://e2861.example,u2861,"p,2861""x",n2861
Entry 2862,https://e2862.example,u2862,"p,2862""x",n2862
Entry 2863,https://e2863.example,u2863,"p,2863""x",n2863
Entry 2864,https://e2864.example,u2864,"p,2864""x",n2864
Entry 2865,https://e2865.example,u2865,"p,2865""x",n2865
Entry 2866,https://e2866.example,u2866,"p,2866""x",n2866
Entry 2867,https://e2867.example,u2867,"p,2867""x",n2867
Entry 2868,https://e2868.example,u2868,"p,2868""x",n2868
Entry 2869,https://e2869.example,u2869,"p,2869""x",n2869
Entry 2870,https://e2870.example,u2870,"p,2870""x",n2870
Entry 2871,https://e2871.example,u2871,"p,2871""x",n2871
Entry 2872,https://e2872.example,u2872,"p,2872""x",n2872
Entry 2873,https://e2873.example,u2873,"p,2873""x",n2873
Entry 2874,https://e2874.example,u2874,"p,2874""x",n2874
Entry 2875,https://e2875.example,u2875,"p,2875""x",n2875
Entry 2876,https://e2876.example,u2876,"p,2876""x",n2876
Entry 2877,https://e2877.example,u2877,"p,2877""x",n2877
Entry 2878,https://e2878.example,u2878,"p,2878""x",n2878
Entry 2879,https://e2879.example,u2879,"p,2879""x",n2879
Entry 2880,https://e2880.example,u2880,"p,2880""x",n2880
Entry 2881,https://e2881.example,u2881,"p,2881""x",n2881
Entry 2882,https://e2882.example,u2882,"p,2882""x",n2882
Entry 2883,https://e2883.example,u2883,"p,2883""x",n2883
Entry 2884,https://e2884.example,u2884,"p,2884""x",n2884
Entry 2885,https://e2885.example,u2885,"p,2885""x",n2885
Entry 2886,https://e2886.example,u2886,"p,2886""x",n2886
Entry 2887,https://e2887.example,u2887,"p,2887""x",n2887
Entry 2888,https://e2888.example,u2888,"p,2888""x",n2888
Entry 2889,https://e2889.example,u2889,"p,2889""x",n2889
Entry 2890,https://e2890.example,u2890,"p,2890""x",n2890
Entry 2891,https://e2891.example,u2891,"p,2891""x",n2891
Entry 2892,https://e2892.example,u2892,"p,2892""x",n2892
Entry 2893,https://e2893.example,u2893,"p,2893""x",n2893
Entry 2894,https://e2894.example,u2894,"p,2894""x",n2894
Entry 2895,https://e2895.example,u2895,"p,2895""x",n2895
Entry 2896,https://e2896.example,u2896,"p,2896""x",n2896
Entry 2897,https://e2897.example,u2897,"p,2897""x",n2897
Entry 2898,https://e2898.example,u2898,"p,2898""x",n2898
Entry 2899,https://e2899.example,u2899,"p,2899""x",n2899
Entry 2900,https://e2900.example,u2900,"p,2900""x",n2900
Entry 2901,https://e2901.example,u2901,"p,2901""x",n2901
Entry 2902,https://e2902.example,u2902,"p,2902""x",n2902
Entry 2903,https://e2903.example,u2903,"p,2903""x",n2903
Entry 2904,https://e2904.example,u2904,"p,2904""x",n2904
Entry 2905,https://e2905.example,u2905,"p,2905""x",n2905
Entry 2906,https://e2906.example,u2906,"p,2906""x",n2906
Entry 2907,https://e2907.example,u2907,"p,2907""x",n2907
Entry 2908,https://e2908.example,u2908,"p,2908""x",n2908
Entry 2909,https://e2909.example,u2909,"p,2909""x",n2909
Entry 2910,https://e2910.example,u2910,"p,2910""x",n2910
Entry 2911,https://e2911.example,u2911,"p,2911""x",n2911
Entry 2912,https://e2912.example,u2912,"p,2912""x",n2912
Entry 2913,https://e2913.example,u2913,"p,2913""x",n2913
Entry 2914,https://e2914.example,u2914,"p,2914""x",n2914
Entry 2915,https://e2915.example,u2915,"p,2915""x",n2915
Entry 2916,https://e2916.example,u2916,"p,2916""x",n2916
Entry 2917,https://e2917.example,u2917,"p,2917""x",n2917
Entry 2918,https://e2918.example,u2918,"p,2918""x",n2918
Entry 2919,https://e2919.example,u2919,"p,2919""x",n2919
Entry 2920,https://e2920.example,u2920,"p,2920""x",n2920
Entry 2921,https://e2921.example,u2921,"p,2921""x",n2921
Entry 2922,https://e2922.example,u2922,"p,2922""x",n2922
Entry 2923,https://e2923.example,u2923,"p,2923""x",n2923
Entry 2924,https://e2924.example,u2924,"p,2924""x",n2924
Entry 2925,https://e2925.example,u2925,"p,2925""x",n2925
Entry 2926,https://e2926.example,u2926,"p,2926""x",n2926
Entry 2927,https://e2927.example,u2927,"p,2927""x",n2927
Entry 2928,https://e2928.example,u2928,"p,2928""x",n2928
Entry 2929,https://e2929.example,u2929,"p,2929""x",n2929
Entry 2930,https://e2930.example,u2930,"p,2930""x",n2930
Entry 2931,https://e2931.example,u2931,"p,2931""x",n2931
Entry 2932,https://e2932.example,u2932,"p,2932""x",n2932
Entry 2933,https://e2933.example,u2933,"p,2933""x",n2933
Entry 2934,https://e2934.example,u2934,"p,2934""x",n2934
Entry 2935,https://e2935.example,u2935,"p,2935""x",n2935
Entry 2936,https://e2936.example,u2936,"p,2936""x",n2936
Entry 2937,https://e2937.example,u2937,"p,2937""x",n2937
Entry 2938,https://e2938.example,u2938,"p,2938""x",n2938
Entry 2939,https://e2939.example,u2939,"p,2939""x",n2939
Entry 2940,https://e2940.example,u2940,"p,2940""x",n2940
Entry 2941,https://e2941.example,u2941,"p,2941""x",n2941
Entry 2942,https://e2942.example,u2942,"p,2942""x",n2942
Entry 2943,https://e2943.example,u2943,"p,2943""x",n2943
Entry 2944,https://e2944.example,u2944,"p,2944""x",n2944
Entry 2945,https://e2945.example,u2945,"p,2945""x",n2945
Entry 2946,https://e2946.example,u2946,"p,2946""x",n2946
Entry 2947,https://e2947.example,u2947,"p,2947""x",n2947
Entry 2948,https://e2948.example,u2948,"p,2948""x",n2948
Entry 2949,https://e2949.example,u2949,"p,2949""x",n2949
Entry 2950,https://e2950.example,u2950,"p,2950""x",n2950
Entry 2951,https://e2951.example,u2951,"p,2951""x",n2951
Entry 2952,https://e2952.example,u2952,"p,2952""x",n2952
Entry 2953,https://e2953.example,u2953,"p,2953""x",n2953
Entry 2954,https://e2954.example,u2954,"p,2954""x",n2954
Entry 2955,https://e2955.example,u2955,"p,2955""x",n2955
Entry 2956,https://e2956.example,u2956,"p,2956""x",n2956
Entry 2957,https://e2957.example,u2957,"p,2957""x",n2957
Entry 2958,https://e2958.example,u2958,"p,2958""x",n2958
Entry 2959,https://e2959.example,u2959,"p,2959""x",n2959
Entry 2960,https://e2960.example,u2960,"p,2960""x",n2960
Entry 2961,https://e2961.example,u2961,"p,2961""x",n2961
Entry 2962,https://e2962.example,u2962,"p,2962""x",n2962
Entry 2963,https://e2963.example,u2963,"p,2963""x",n2963
Entry 2964,https://e2964.example,u2964,"p,2964""x",n2964
Entry 2965,https://e2965.example,u2965,"p,2965""x",n2965
Entry 2966,https://e2966.example,u2966,"p,2966""x",n2966
Entry 2967,https://e2967.example,u2967,"p,2967""x",n2967
Entry 2968,https://e2968.example,u2968,"p,2968""x",n2968
Entry 2969,https://e2969.example,u2969,"p,2969""x",n2969
Entry 2970,https://e2970.example,u2970,"p,2970""x",n2970
Entry 2971,https://e2971.example,u2971,"p,2971""x",n2971
Entry 2972,https://e2972.example,u2972,"p,2972""x",n2972
Entry 2973,https://e2973.example,u2973,"p,2973""x",n2973
Entry 2974,https://e2974.example,u2974,"p,2974""x",n2974
Entry 2975,https://e2975.example,u2975,"p,2975""x",n2975
Entry 2976,https://e2976.example,u2976,"p,2976""x",n2976
Entry 2977,https://e2977.example,u2977,"p,2977""x",n2977
Entry 2978,https://e2978.example,u2978,"p,2978""x",n2978
Entry 2979,https://e2979.example,u2979,"p,2979""x",n2979
Entry 2980,https://e2980.example,u2980,"p,2980""x",n2980
Entry 2981,https://e2981.example,u2981,"p,2981""x",n2981
Entry 2982,https://e2982.example,u2982,"p,2982""x",n2982
Entry 2983,https://e2983.example,u2983,"p,2983""x",n2983
Entry 2984,https://e2984.example,u2984,"p,2984""x",n2984
Entry 2985,https://e2985.example,u2985,"p,2985""x",n2985
Entry 2986,https://e2986.example,u2986,"p,2986""x",n2986
Entry 2987,https://e2987.example,u2987,"p,2987""x",n2987
Entry 2988,https://e2988.example,u2988,"p,2988""x",n2988
Entry 2989,https://e2989.example,u2989,"p,2989""x",n2989
Entry 2990,https://e2990.example,u2990,"p,2990""x",n2990
Entry 2991,https://e2991.example,u2991,"p,2991""x",n2991
Entry 2992,https://e2992.example,u2992,"p,2992""x",n2992
Entry 2993,https://e2993.example,u2993,"p,2993""x",n2993
Entry 2994,https://e2994.example,u2994,"p,2994""x",n2994
Entry 2995,https://e2995.example,u2995,"p,2995""x",n2995
Entry 2996,https://e2996.example,u2996,"p,2996""x",n2996
Entry 2997,https://e2997.example,u2997,"p,2997""x",n2997
Entry 2998,https://e2998.example,u2998,"p,2998""x",n2998
Entry 2999,https://e2999.example,u2999,"p,2999""x",n2999
Entry 3000,https://e3000.example,u3000,"p,3000""x",n3000
Entry 3001,https://e3001.example,u3001,"p,3001""x",n3001
Entry 3002,https://e3002.example,u3002,"p,3002""x",n3002
Entry 3003,https://e3003.example,u3003,"p,3003""x",n3003
Entry 3004,https://e3004.example,u3004,"p,3004""x",n3004
Entry 3005,https://e3005.example,u3005,"p,3005""x",n3005
Entry 3006,https://e3006.example,u3006,"p,3006""x",n3006
Entry 3007,https://e3007.example,u3007,"p,3007""x",n3007
Entry 3008,https://e3008.example,u3008,"p,3008""x",n3008
Entry 3009,https://e3009.example,u3009,"p,3009""x",n3009
Entry 3010,https://e3010.example,u3010,"p,3010""x",n3010
Entry 3011,https://e3011.example,u3011,"p,3011""x",n3011
Entry 3012,https://e3012.example,u3012,"p,3012""x",n3012
Entry 3013,https://e3013.example,u3013,"p,3013""x",n3013
Entry 3014,https://e3014.example,u3014,"p,3014""x",n3014
Entry 3015,https://e3015.example,u3015,"p,3015""x",n3015
Entry 3016,https://e3016.example,u3016,"p,3016""x",n3016
Entry 3017,https://e3017.example,u3017,"p,3017""x",n3017
Entry 3018,https://e3018.example,u3018,"p,3018""x",n3018
Entry 3019,https://e3019.example,u3019,"p,3019""x",n3019
Entry 3020,https://e3020.example,u3020,"p,3020""x",n3020
Entry 3021,https://e3021.example,u3021,"p,3021""x",n3021
Entry 3022,https://e3022.example,u3022,"p,3022""x",n3022
Entry 3023,https://e3023.example,u3023,"p,3023""x",n3023
Entry 3024,https://e3024.example,u3024,"p,3024""x",n3024
Entry 3025,https://e3025.example,u3025,"p,3025""x",n3025
Entry 3026,https://e3026.example,u3026,"p,3026""x",n3026
Entry 3027,https://e3027.example,u3027,"p,3027""x",n3027
Entry 3028,https://e3028.example,u3028,"p,3028""x",n3028
Entry 3029,https://e3029.example,u3029,"p,3029""x",n3029
Entry 3030,https://e3030.example,u3030,"p,3030""x",n3030
Entry 3031,https://e3031.example,u3031,"p,3031""x",n3031
Entry 3032,https://e3032.example,u3032,"p,3032""x",n3032
Entry 3033,https://e3033.example,u3033,"p,3033""x",n3033
Entry 3034,https://e3034.example,u3034,"p,3034""x",n3034
Entry 3035,https://e3035.example,u3035,"p,3035""x",n3035
Entry 3036,https://e3036.example,u3036,"p,3036""x",n3036
Entry 3037,https://e3037.example,u3037,"p,3037""x",n3037
Entry 3038,https://e3038.example,u3038,"p,3038""x",n3038
Entry 3039,https://e3039.example,u3039,"p,3039""x",n3039
Entry 3040,https://e3040.example,u3040,"p,3040""x",n3040
Entry 3041,https://e3041.example,u3041,"p,3041""x",n3041
Entry 3042,https://e3042.example,u3042,"p,3042""x",n3042
Entry 3043,https://e3043.example,u3043,"p,3043""x",n3043
Entry 3044,https://e3044.example,u3044,"p,3044""x",n3044
Entry 3045,https://e3045.example,u3045,"p,3045""x",n3045
Entry 3046,https://e3046.example,u3046,"p,3046""x",n3046
Entry 3047,https://e3047.example,u3047,"p,3047""x",n3047
Entry 3048,https://e3048.example,u3048,"p,3048""x",n3048
Entry 3049,https://e3049.example,u3049,"p,3049""x",n3049
Entry 3050,https://e3050.example,u3050,"p,3050""x",n3050
Entry 3051,https://e3051.example,u3051,"p,3051""x",n3051
Entry 3052,https://e3052.example,u3052,"p,3052""x",n3052
Entry 3053,https://e3053.example,u3053,"p,3053""x",n3053
Entry 3054,https://e3054.example,u3054,"p,3054""x",n3054
Entry 3055,https://e3055.example,u3055,"p,3055""x",n3055
Entry 3056,https://e3056.example,u3056,"p,3056""x",n3056
Entry 3057,https://e3057.example,u3057,"p,3057""x",n3057
Entry 3058,https://e3058.example,u3058,"p,3058""x",n3058
Entry 3059,https://e3059.example,u3059,"p,3059""x",n3059
Entry 3060,https://e3060.example,u3060,"p,3060""x",n3060
Entry 3061,https://e3061.example,u3061,"p,3061""x",n3061
Entry 3062,https://e3062.example,u3062,"p,3062""x",n3062
Entry 3063,https://e3063.example,u3063,"p,3063""x",n3063
Entry 3064,https://e3064.example,u3064,"p,3064""x",n3064
Entry 3065,https://e3065.example,u3065,"p,3065""x",n3065
Entry 3066,https://e3066.example,u3066,"p,3066""x",n3066
Entry 3067,https://e3067.example,u3067,"p,3067""x",n3067
Entry 3068,https://e3068.example,u3068,"p,3068""x",n3068
Entry 3069,https://e3069.example,u3069,"p,3069""x",n3069
Entry 3070,https://e3070.example,u3070,"p,3070""x",n3070
Entry 3071,https://e3071.example,u3071,"p,3071""x",n3071
Entry 3072,https://e3072.example,u3072,"p,3072""x",n3072
Entry 3073,https://e3073.example,u3073,"p,3073""x",n3073
Entry 3074,https://e3074.example,u3074,"p,3074""x",n3074
Entry 3075,https://e3075.example,u3075,"p,3075""x",n3075
Entry 3076,https://e3076.example,u3076,"p,3076""x",n3076
Entry 3077,https://e3077.example,u3077,"p,3077""x",n3077
Entry 3078,https://e3078.example,u3078,"p,3078""x",n3078
Entry 3079,https://e3079.example,u3079,"p,3079""x",n3079
Entry 3080,https://e3080.example,u3080,"p,3080""x",n3080
Entry 3081,https://e3081.example,u3081,"p,3081""x",n3081
Entry 3082,https://e3082.example,u3082,"p,3082""x",n3082
Entry 3083,https://e3083.example,u3083,"p,3083""x",n3083
Entry 3084,https://e3084.example,u3084,"p,3084""x",n3084
Entry 3085,https://e3085.example,u3085,"p,3085""x",n3085
Entry 3086,https://e3086.example,u3086,"p,3086""x",n3086
Entry 3087,https://e3087.example,u3087,"p,3087""x",n3087
Entry 3088,https://e3088.example,u3088,"p,3088""x",n3088
Entry 3089,https://e3089.example,u3089,"p,3089""x",n3089
Entry 3090,https://e3090.example,u3090,"p,3090""x",n3090
Entry 3091,https://e3091.example,u3091,"p,3091""x",n3091
Entry 3092,https://e3092.example,u3092,"p,3092""x",n3092
Entry 3093,https://e3093.example,u3093,"p,3093""x",n3093
Entry 3094,https://e3094.example,u3094,"p,3094""x",n3094
Entry 3095,https://e3095.example,u3095,"p,3095""x",n3095
Entry 3096,https://e3096.example,u3096,"p,3096""x",n3096
Entry 3097,https://e3097.example,u3097,"p,3097""x",n3097
Entry 3098,https://e3098.example,u3098,"p,3098""x",n3098
Entry 3099,https://e3099.example,u3099,"p,3099""x",n3099
Entry 3100,https://e3100.example,u3100,"p,3100""x",n3100
Entry 3101,https://e3101.example,u3101,"p,3101""x",n3101
Entry 3102,https://e3102.example,u3102,"p,3102""x",n3102
Entry 3103,https://e3103.example,u3103,"p,3103""x",n3103
Entry 3104,https://e3104.example,u3104,"p,3104""x",n3104
Entry 3105,https://e3105.example,u3105,"p,3105""x",n3105
Entry 3106,https://e3106.example,u3106,"p,3106""x",n3106
Entry 3107,https://e3107.example,u3107,"p,3107""x",n3107
Entry 3108,https://e3108.example,u3108,"p,3108""x",n3108
Entry 3109,https://e3109.example,u3109,"p,3109""x",n3109
Entry 3110,https://e3110.example,u3110,"p,3110""x",n3110
Entry 3111,https://e3111.example,u3111,"p,3111""x",n3111
Entry 3112,https://e3112.example,u3112,"p,3112""x",n3112
Entry 3113,https://e3113.example,u3113,"p,3113""x",n3113
Entry 3114,https://e3114.example,u3114,"p,3114""x",n3114
Entry 3115,https://e3115.example,u3115,"p,3115""x",n3115
Entry 3116,https://e3116.example,u3116,"p,3116""x",n3116
Entry 3117,https://e3117.example,u3117,"p,3117""x",n3117
Entry 3118,https://e3118.example,u3118,"p,3118""x",n3118
Entry 3119,https://e3119.example,u3119,"p,3119""x",n3119
Entry 3120,https://e3120.example,u3120,"p,3120""x",n3120
Entry 3121,https://e3121.example,u3121,"p,3121""x",n3121
Entry 3122,https://e3122.example,u3122,"p,3122""x",n3122
Entry 3123,https://e3123.example,u3123,"p,3123""x",n3123
Entry 3124,https://e3124.example,u3124,"p,3124""x",n3124
Entry 3125,https://e3125.example,u3125,"p,3125""x",n3125
Entry 3126,https://e3126.example,u3126,"p,3126""x",n3126
Entry 3127,https://e3127.example,u3127,"p,3127""x",n3127
Entry 3128,https://e3128.example,u3128,"p,3128""x",n3128
Entry 3129,https://e3129.example,u3129,"p,3129""x",n3129
Entry 3130,https://e3130.example,u3130,"p,3130""x",n3130
Entry 3131,https://e3131.example,u3131,"p,3131""x",n3131
Entry 3132,https://e3132.example,u3132,"p,3132""x",n3132
Entry 3133,https://e3133.example,u3133,"p,3133""x",n3133
Entry 3134,https://e3134.example,u3134,"p,3134""x",n3134
Entry 3135,https://e3135.example,u3135,"p,3135""x",n3135
Entry 3136,https://e3136.example,u3136,"p,3136""x",n3136
Entry 3137,https://e3137.example,u3137,"p,3137""x",n3137
Entry 3138,https://e3138.example,u3138,"p,3138""x",n3138
Entry 3139,https://e3139.example,u3139,"p,3139""x",n3139
Entry 3140,https://e3140.example,u3140,"p,3140""x",n3140
Entry 3141,https://e3141.example,u3141,"p,3141""x",n3141
Entry 3142,https://e3142.example,u3142,"p,3142""x",n3142
Entry 3143,https://e3143.example,u3143,"p,3143""x",n3143
Entry 3144,https://e3144.example,u3144,"p,3144""x",n3144
Entry 3145,https://e3145.example,u3145,"p,3145""x",n3145
Entry 3146,https://e3146.example,u3146,"p,3146""x",n3146
Entry 3147,https://e3147.example,u3147,"p,3147""x",n3147
Entry 3148,https://e3148.example,u3148,"p,3148""x",n3148
Entry 3149,https://e3149.example,u3149,"p,3149""x",n3149
Entry 3150,https://e3150.example,u3150,"p,3150""x",n3150
Entry 3151,https://e3151.example,u3151,"p,3151""x",n3151
Entry 3152,https://e3152.example,u3152,"p,3152""x",n3152
Entry 3153,https://e3153.example,u3153,"p,3153""x",n3153
Entry 3154,https://e3154.example,u3154,"p,3154""x",n3154
Entry 3155,https://e3155.example,u3155,"p,3155""x",n3155
Entry 3156,https://e3156.example,u3156,"p,3156""x",n3156
Entry 3157,https://e3157.example,u3157,"p,3157""x",n3157
Entry 3158,https://e3158.example,u3158,"p,3158""x",n3158
Entry 3159,https://e3159.example,u3159,"p,3159""x",n3159
Entry 3160,https://e3160.example,u3160,"p,3160""x",n3160
Entry 3161,https://e3161.example,u3161,"p,3161""x",n3161
Entry 3162,https://e3162.example,u3162,"p,3162""x",n3162
Entry 3163,https://e3163.example,u3163,"p,3163""x",n3163
Entry 3164,https://e3164.example,u3164,"p,3164""x",n3164
Entry 3165,https://e3165.example,u3165,"p,3165""x",n3165
Entry 3166,https://e3166.example,u3166,"p,3166""x",n3166
Entry 3167,https://e3167.example,u3167,"p,3167""x",n3167
Entry 3168,https://e3168.example,u3168,"p,3168""x",n3168
Entry 3169,https://e3169.example,u3169,"p,3169""x",n3169
Entry 3170,https://e3170.example,u3170,"p,3170""x",n3170
Entry 3171,https://e3171.example,u3171,"p,3171""x",n3171
Entry 3172,https://e3172.example,u3172,"p,3172""x",n3172
Entry 3173,https://e3173.example,u3173,"p,3173""x",n3173
Entry 3174,https://e3174.example,u3174,"p,3174""x",n3174
Entry 3175,https://e3175.example,u3175,"p,3175""x",n3175
Entry 3176,https://e3176.example,u3176,"p,3176""x",n3176
Entry 3177,https://e3177.example,u3177,"p,3177""x",n3177
Entry 3178,https://e3178.example,u3178,"p,3178""x",n3178
Entry 3179,https://e3179.example,u3179,"p,3179""x",n3179
Entry 3180,https://e3180.example,u3180,"p,3180""x",n3180
Entry 3181,https://e3181.example,u3181,"p,3181""x",n3181
Entry 3182,https://e3182.example,u3182,"p,3182""x",n3182
Entry 3183,https://e3183.example,u3183,"p,3183""x",n3183
Entry 3184,https://e3184.example,u3184,"p,3184""x",n3184
Entry 3185,https://e3185.example,u3185,"p,3185""x",n3185
Entry 3186,https://e3186.example,u3186,"p,3186""x",n3186
Entry 3187,https://e3187.example,u3187,"p,3187""x",n3187
Entry 3188,https://e3188.example,u3188,"p,3188""x",n3188
Entry 3189,https://e3189.example,u3189,"p,3189""x",n3189
Entry 3190,https://e3190.example,u3190,"p,3190""x",n3190
Entry 3191,https://e3191.example,u3191,"p,3191""x",n3191
Entry 3192,https://e3192.example,u3192,"p,3192""x",n3192
Entry 3193,https://e3193.example,u3193,"p,3193""x",n3193
Entry 3194,https://e3194.example,u3194,"p,3194""x",n3194
Entry 3195,https://e3195.example,u3195,"p,3195""x",n3195
Entry 3196,https://e3196.example,u3196,"p,3196""x",n3196
Entry 3197,https://e3197.example,u3197,"p,3197""x",n3197
Entry 3198,https://e3198.example,u3198,"p,3198""x",n3198
Entry 3199,https://e3199.example,u3199,"p,3199""x",n3199
Entry 3200,https://e3200.example,u3200,"p,3200""x",n3200
Entry 3201,https://e3201.example,u3201,"p,3201""x",n3201
Entry 3202,https://e3202.example,u3202,"p,3202""x",n3202
Entry 3203,https://e3203.example,u3203,"p,3203""x",n3203
Entry 3204,https://e3204.example,u3204,"p,3204""x",n3204
Entry 3205,https://e3205.example,u3205,"p,3205""x",n3205
Entry 3206,https://e3206.example,u3206,"p,3206""x",n3206
Entry 3207,https://e3207.example,u3207,"p,3207""x",n3207
Entry 3208,https://e3208.example,u3208,"p,3208""x",n3208
Entry 3209,https://e3209.example,u3209,"p,3209""x",n3209
Entry 3210,https://e3210.example,u3210,"p,3210""x",n3210
Entry 3211,https://e3211.example,u3211,"p,3211""x",n3211
Entry 3212,https://e3212.example,u3212,"p,3212""x",n3212
Entry 3213,https://e3213.example,u3213,"p,3213""x",n3213
Entry 3214,https://e3214.example,u3214,"p,3214""x",n3214
Entry 3215,https://e3215.example,u3215,"p,3215""x",n3215
Entry 3216,https://e3216.example,u3216,"p,3216""x",n3216
Entry 3217,https://e3217.example,u3217,"p,3217""x",n3217
Entry 3218,https://e3218.example,u3218,"p,3218""x",n3218
Entry 3219,https://e3219.example,u3219,"p,3219""x",n3219
Entry 3220,https://e3220.example,u3220,"p,3220""x",n3220
Entry 3221,https://e3221.example,u3221,"p,3221""x",n3221
Entry 3222,https://e3222.example,u3222,"p,3222""x",n3222
Entry 3223,https://e3223.example,u3223,"p,3223""x",n3223
Entry 3224,https://e3224.example,u3224,"p,3224""x",n3224
Entry 3225,https://e3225.example,u3225,"p,3225""x",n3225
Entry 3226,https://e3226.example,u3226,"p,3226""x",n3226
Entry 3227,https://e3227.example,u3227,"p,3227""x",n3227
Entry 3228,https://e3228.example,u3228,"p,3228""x",n3228
Entry 3229,https://e3229.example,u3229,"p,3229""x",n3229
Entry 3230,https://e3230.example,u3230,"p,3230""x",n3230
Entry 3231,https://e3231.example,u3231,"p,3231""x",n3231
Entry 3232,https://e3232.example,u3232,"p,3232""x",n3232
Entry 3233,https://e3233.example,u3233,"p,3233""x",n3233
Entry 3234,https://e3234.example,u3234,"p,3234""x",n3234
Entry 3235,https://e3235.example,u3235,"p,3235""x",n3235
Entry 3236,https://e3236.example,u3236,"p,3236""x",n3236
Entry 3237,https://e3237.example,u3237,"p,3237""x",n3237
Entry 3238,https://e3238.example,u3238,"p,3238""x",n3238
Entry 3239,https://e3239.example,u3239,"p,3239""x",n3239
Entry 3240,https://e3240.example,u3240,"p,3240""x",n3240
Entry 3241,https://e3241.example,u3241,"p,3241""x",n3241
Entry 3242,https://e3242.example,u3242,"p,3242""x",n3242
Entry 3243,https://e3243.example,u3243,"p,3243""x",n3243
Entry 3244,https://e3244.example,u3244,"p,3244""x",n3244
Entry 3245,https://e3245.example,u3245,"p,3245""x",n3245
Entry 3246,https://e3246.example,u3246,"p,3246""x",n3246
Entry 3247,https://e3247.example,u3247,"p,3247""x",n3247
Entry 3248,https://e3248.example,u3248,"p,3248""x",n3248
Entry 3249,https://e3249.example,u3249,"p,3249""x",n3249
Entry 3250,https://e3250.example,u3250,"p,3250""x",n3250
Entry 3251,https://e3251.example,u3251,"p,3251""x",n3251
Entry 3252,https://e3252.example,u3252,"p,3252""x",n3252
Entry 3253,https://e3253.example,u3253,"p,3253""x",n3253
Entry 3254,https://e3254.example,u3254,"p,3254""x",n3254
Entry 3255,https://e3255.example,u3255,"p,3255""x",n3255
Entry 3256,https://e3256.example,u3256,"p,3256""x",n3256
Entry 3257,https://e3257.example,u3257,"p,3257""x",n3257
Entry 3258,https://e3258.example,u3258,"p,3258""x",n3258
Entry 3259,https://e3259.example,u3259,"p,3259""x",n3259
Entry 3260,https://e3260.example,u3260,"p,3260""x",n3260
Entry 3261,https://e3261.example,u3261,"p,3261""x",n3261
Entry 3262,https://e3262.example,u3262,"p,3262""x",n3262
Entry 3263,https://e3263.example,u3263,"p,3263""x",n3263
Entry 3264,https://e3264.example,u3264,"p,3264""x",n3264
Entry 3265,https://e3265.example,u3265,"p,3265""x",n3265
Entry 3266,https://e3266.example,u3266,"p,3266""x",n3266
Entry 3267,https://e3267.example,u3267,"p,3267""x",n3267
Entry 3268,https://e3268.example,u3268,"p,3268""x",n3268
Entry 3269,https://e3269.example,u3269,"p,3269""x",n3269
Entry 3270,https://e3270.example,u3270,"p,3270""x",n3270
Entry 3271,https://e3271.example,u3271,"p,3271""x",n3271
Entry 3272,https://e3272.example,u3272,"p,3272""x",n3272
Entry 3273,https://e3273.example,u3273,"p,3273""x",n3273
Entry 3274,https://e3274.example,u3274,"p,3274""x",n3274
Entry 3275,https://e3275.example,u3275,"p,3275""x",n3275
Entry 3276,https://e3276.example,u3276,"p,3276""x",n3276
Entry 3277,https://e3277.example,u3277,"p,3277""x",n3277
Entry 3278,https://e3278.example,u3278,"p,3278""x",n3278
Entry 3279,https://e3279.example,u3279,"p,3279""x",n3279
Entry 3280,https://e3280.example,u3280,"p,3280""x",n3280
Entry 3281,https://e3281.example,u3281,"p,3281""x",n3281
Entry 3282,https://e3282.example,u3282,"p,3282""x",n3282
Entry 3283,https://e3283.example,u3283,"p,3283""x",n3283
Entry 3284,https://e3284.example,u3284,"p,3284""x",n3284
Entry 3285,https://e3285.example,u3285,"p,3285""x",n3285
Entry 3286,https://e3286.example,u3286,"p,3286""x",n3286
Entry 3287,https://e3287.example,u3287,"p,3287""x",n3287
Entry 3288,https://e3288.example,u3288,"p,3288""x",n3288
Entry 3289,https://e3289.example,u3289,"p,3289""x",n3289
Entry 3290,https://e3290.example,u3290,"p,3290""x",n3290
Entry 3291,https://e3291.example,u3291,"p,3291""x",n3291
Entry 3292,https://e3292.example,u3292,"p,3292""x",n3292
Entry 3293,https://e3293.example,u3293,"p,3293""x",n3293
Entry 3294,https://e3294.example,u3294,"p,3294""x",n3294
Entry 3295,https://e3295.example,u3295,"p,3295""x",n3295
Entry 3296,https://e3296.example,u3296,"p,3296""x",n3296
Entry 3297,https://e3297.example,u3297,"p,3297""x",n3297
Entry 3298,https://e3298.example,u3298,"p,3298""x",n3298
Entry 3299,https://e3299.example,u3299,"p,3299""x",n3299
Entry 3300,https://e3300.example,u3300,"p,3300""x",n3300
Entry 3301,https://e3301.example,u3301,"p,3301""x",n3301
Entry 3302,https://e3302.example,u3302,"p,3302""x",n3302
Entry 3303,https://e3303.example,u3303,"p,3303""x",n3303
Entry 3304,https://e3304.example,u3304,"p,3304""x",n3304
Entry 3305,https://e3305.example,u3305,"p,3305""x",n3305
Entry 3306,https://e3306.example,u3306,"p,3306""x",n3306
Entry 3307,https://e3307.example,u3307,"p,3307""x",n3307
Entry 3308,https://e3308.example,u3308,"p,3308""x",n3308
Entry 3309,https://e3309.example,u3309,"p,3309""x",n3309
Entry 3310,https://e3310.example,u3310,"p,3310""x",n3310
Entry 3311,https://e3311.example,u3311,"p,3311""x",n3311
Entry 3312,https://e3312.example,u3312,"p,3312""x",n3312
Entry 3313,https://e3313.example,u3313,"p,3313""x",n3313
Entry 3314,https://e3314.example,u3314,"p,3314""x",n3314
Entry 3315,https://e3315.example,u3315,"p,3315""x",n3315
Entry 3316,https://e3316.example,u3316,"p,3316""x",n3316
Entry 3317,https://e3317.example,u3317,"p,3317""x",n3317
Entry 3318,https://e3318.example,u3318,"p,3318""x",n3318
Entry 3319,https://e3319.example,u3319,"p,3319""x",n3319
Entry 3320,https://e3320.example,u3320,"p,3320""x",n3320
Entry 3321,https://e3321.example,u3321,"p,3321""x",n3321
Entry 3322,https://e3322.example,u3322,"p,3322""x",n3322
Entry 3323,https://e3323.example,u3323,"p,3323""x",n3323
Entry 3324,https://e3324.example,u3324,"p,3324""x",n3324
Entry 3325,https://e3325.example,u3325,"p,3325""x",n3325
Entry 3326,https://e3326.example,u3326,"p,3326""x",n3326
Entry 3327,https://e3327.example,u3327,"p,3327""x",n3327
Entry 3328,https://e3328.example,u3328,"p,3328""x",n3328
Entry 3329,https://e3329.example,u3329,"p,3329""x",n3329
Entry 3330,https://e3330.example,u3330,"p,3330""x",n3330
Entry 3331,https://e3331.example,u3331,"p,3331""x",n3331
Entry 3332,https://e3332.example,u3332,"p,3332""x",n3332
Entry 3333,https://e3333.example,u3333,"p,3333""x",n3333
Entry 3334,https://e3334.example,u3334,"p,3334""x",n3334
Entry 3335,https://e3335.example,u3335,"p,3335""x",n3335
Entry 3336,https://e3336.example,u3336,"p,3336""x",n3336
Entry 3337,https://e3337.example,u3337,"p,3337""x",n3337
Entry 3338,https://e3338.example,u3338,"p,3338""x",n3338
Entry 3339,https://e3339.example,u3339,"p,3339""x",n3339
Entry 3340,https://e3340.example,u3340,"p,3340""x",n3340
Entry 3341,https://e3341.example,u3341,"p,3341""x",n3341
Entry 3342,https://e3342.example,u3342,"p,3342""x",n3342
Entry 3343,https://e3343.example,u3343,"p,3343""x",n3343
Entry 3344,https://e3344.example,u3344,"p,3344""x",n3344
Entry 3345,https://e3345.example,u3345,"p,3345""x",n3345
Entry 3346,https://e3346.example,u3346,"p,3346""x",n3346
Entry 3347,https://e3347.example,u3347,"p,3347""x",n3347
Entry 3348,https://e3348.example,u3348,"p,3348""x",n3348
Entry 3349,https://e3349.example,u3349,"p,3349""x",n3349
Entry 3350,https://e3350.example,u3350,"p,3350""x",n3350
Entry 3351,https://e3351.example,u3351,"p,3351""x",n3351
Entry 3352,https://e3352.example,u3352,"p,3352""x",n3352
Entry 3353,https://e3353.example,u3353,"p,3353""x",n3353
Entry 3354,https://e3354.example,u3354,"p,3354""x",n3354
Entry 3355,https://e3355.example,u3355,"p,3355""x",n3355
Entry 3356,https://e3356.example,u3356,"p,3356""x",n3356
Entry 3357,https://e3357.example,u3357,"p,3357""x",n3357
Entry 3358,https://e3358.example,u3358,"p,3358""x",n3358
Entry 3359,https://e3359.example,u3359,"p,3359""x",n3359
Entry 3360,https://e3360.example,u3360,"p,3360""x",n3360
Entry 3361,https://e3361.example,u3361,"p,3361""x",n3361
Entry 3362,https://e3362.example,u3362,"p,3362""x",n3362
Entry 3363,https://e3363.example,u3363,"p,3363""x",n3363
Entry 3364,https://e3364.example,u3364,"p,3364""x",n3364
Entry 3365,https://e3365.example,u3365,"p,3365""x",n3365
Entry 3366,https://e3366.example,u3366,"p,3366""x",n3366
Entry 3367,https://e3367.example,u3367,"p,3367""x",n3367
Entry 3368,https://e3368.example,u3368,"p,3368""x",n3368
Entry 3369,https://e3369.example,u3369,"p,3369""x",n3369
Entry 3370,https://e3370.example,u3370,"p,3370""x",n3370
Entry 3371,https://e3371.example,u3371,"p,3371""x",n3371
Entry 3372,https://e3372.example,u3372,"p,3372""x",n3372
Entry 3373,https://e3373.example,u3373,"p,3373""x",n3373
Entry 3374,https://e3374.example,u3374,"p,3374""x",n3374
Entry 3375,https://e3375.example,u3375,"p,3375""x",n3375
Entry 3376,https://e3376.example,u3376,"p,3376""x",n3376
Entry 3377,https://e3377.example,u3377,"p,3377""x",n3377
Entry 3378,https://e3378.example,u3378,"p,3378""x",n3378
Entry 3379,https://e3379.example,u3379,"p,3379""x",n3379
Entry 3380,https://e3380.example,u3380,"p,3380""x",n3380
Entry 3381,https://e3381.example,u3381,"p,3381""x",n3381
Entry 3382,https://e3382.example,u3382,"p,3382""x",n3382
Entry 3383,https://e3383.example,u3383,"p,3383""x",n3383
Entry 3384,https://e3384.example,u3384,"p,3384""x",n3384
Entry 3385,https://e3385.example,u3385,"p,3385""x",n3385
Entry 3386,https://e3386.example,u3386,"p,3386""x",n3386
Entry 3387,https://e3387.example,u3387,"p,3387""x",n3387
Entry 3388,https://e3388.example,u3388,"p,3388""x",n3388
Entry 3389,https://e3389.example,u3389,"p,3389""x",n3389
Entry 3390,https://e3390.example,u3390,"p,3390""x",n3390
Entry 3391,https://e3391.example,u3391,"p,3391""x",n3391
Entry 3392,https://e3392.example,u3392,"p,3392""x",n3392
Entry 3393,https://e3393.example,u3393,"p,3393""x",n3393
Entry 3394,https://e3394.example,u3394,"p,3394""x",n3394
Entry 3395,https://e3395.example,u3395,"p,3395""x",n3395
Entry 3396,https://e3396.example,u3396,"p,3396""x",n3396
Entry 3397,https://e3397.example,u3397,"p,3397""x",n3397
Entry 3398,https://e3398.example,u3398,"p,3398""x",n3398
Entry 3399,https://e3399.example,u3399,"p,3399""x",n3399
Entry 3400,https://e3400.example,u3400,"p,3400""x",n3400
Entry 3401,https://e3401.example,u3401,"p,3401""x",n3401
Entry 3402,https://e3402.example,u3402,"p,3402""x",n3402
Entry 3403,https://e3403.example,u3403,"p,3403""x",n3403
Entry 3404,https://e3404.example,u3404,"p,3404""x",n3404
Entry 3405,https://e3405.example,u3405,"p,3405""x",n3405
Entry 3406,https://e3406.example,u3406,"p,3406""x",n3406
Entry 3407,https://e3407.example,u3407,"p,3407""x",n3407
Entry 3408,https://e3408.example,u3408,"p,3408""x",n3408
Entry 3409,https://e3409.example,u3409,"p,3409""x",n3409
Entry 3410,https://e3410.example,u3410,"p,3410""x",n3410
Entry 3411,https://e3411.example,u3411,"p,3411""x",n3411
Entry 3412,https://e3412.example,u3412,"p,3412""x",n3412
Entry 3413,https://e3413.example,u3413,"p,3413""x",n3413
Entry 3414,https://e3414.example,u3414,"p,3414""x",n3414
Entry 3415,https://e3415.example,u3415,"p,3415""x",n3415
Entry 3416,https://e3416.example,u3416,"p,3416""x",n3416
Entry 3417,https://e3417.example,u3417,"p,3417""x",n3417
Entry 3418,https://e3418.example,u3418,"p,3418""x",n3418
Entry 3419,https://e3419.example,u3419,"p,3419""x",n3419
Entry 3420,https://e3420.example,u3420,"p,3420""x",n3420
Entry 3421,https://e3421.example,u3421,"p,3421""x",n3421
Entry 3422,https://e3422.example,u3422,"p,3422""x",n3422
Entry 3423,https://e3423.example,u3423,"p,3423""x",n3423
Entry 3424,https://e3424.example,u3424,"p,3424""x",n3424
Entry 3425,https://e3425.example,u3425,"p,3425""x",n3425
Entry 3426,https://e3426.example,u3426,"p,3426""x",n3426
Entry 3427,https://e3427.example,u3427,"p,3427""x",n3427
Entry 3428,https://e3428.example,u3428,"p,3428""x",n3428
Entry 3429,https://e3429.example,u3429,"p,3429""x",n3429
Entry 3430,https://e3430.example,u3430,"p,3430""x",n3430
Entry 3431,https://e3431.example,u3431,"p,3431""x",n3431
Entry 3432,https://e3432.example,u3432,"p,3432""x",n3432
Entry 3433,https://e3433.example,u3433,"p,3433""x",n3433
Entry 3434,https://e3434.example,u3434,"p,3434""x",n3434
Entry 3435,https://e3435.example,u3435,"p,3435""x",n3435
Entry 3436,https://e3436.example,u3436,"p,3436""x",n3436
Entry 3437,https://e3437.example,u3437,"p,3437""x",n3437
Entry 3438,https://e3438.example,u3438,"p,3438""x",n3438
Entry 3439,https://e3439.example,u3439,"p,3439""x",n3439
Entry 3440,https://e3440.example,u3440,"p,3440""x",n3440
Entry 3441,https://e3441.example,u3441,"p,3441""x",n3441
Entry 3442,https://e3442.example,u3442,"p,3442""x",n3442
Entry 3443,https://e3443.example,u3443,"p,3443""x",n3443
Entry 3444,https://e3444.example,u3444,"p,3444""x",n3444
Entry 3445,https://e3445.example,u3445,"p,3445""x",n3445
Entry 3446,https://e3446.example,u3446,"p,3446""x",n3446
Entry 3447,https://e3447.example,u3447,"p,3447""x",n3447
Entry 3448,https://e3448.example,u3448,"p,3448""x",n3448
Entry 3449,https://e3449.example,u3449,"p,3449""x",n3449
Entry 3450,https://e3450.example,u3450,"p,3450""x",n3450
Entry 3451,https://e3451.example,u3451,"p,3451""x",n3451
Entry 3452,https://e3452.example,u3452,"p,3452""x",n3452
Entry 3453,https://e3453.example,u3453,"p,3453""x",n3453
Entry 3454,https://e3454.example,u3454,"p,3454""x",n3454
Entry 3455,https://e3455.example,u3455,"p,3455""x",n3455
Entry 3456,https://e3456.example,u3456,"p,3456""x",n3456
Entry 3457,https://e3457.example,u3457,"p,3457""x",n3457
Entry 3458,https://e3458.example,u3458,"p,3458""x",n3458
Entry 3459,https://e3459.example,u3459,"p,3459""x",n3459
Entry 3460,https://e3460.example,u3460,"p,3460""x",n3460
Entry 3461,https://e3461.example,u3461,"p,3461""x",n3461
Entry 3462,https://e3462.example,u3462,"p,3462""x",n3462
Entry 3463,https://e3463.example,u3463,"p,3463""x",n3463
Entry 3464,https://e3464.example,u3464,"p,3464""x",n3464
Entry 3465,https://e3465.example,u3465,"p,3465""x",n3465
Entry 3466,https://e3466.example,u3466,"p,3466""x",n3466
Entry 3467,https://e3467.example,u3467,"p,3467""x",n3467
Entry 3468,https://e3468.example,u3468,"p,3468""x",n3468
Entry 3469,https://e3469.example,u3469,"p,3469""x",n3469
Entry 3470,https://e3470.example,u3470,"p,3470""x",n3470
Entry 3471,https://e3471.example,u3471,"p,3471""x",n3471
Entry 3472,https://e3472.example,u3472,"p,3472""x",n3472
Entry 3473,https://e3473.example,u3473,"p,3473""x",n3473
Entry 3474,https://e3474.example,u3474,"p,3474""x",n3474
Entry 3475,https://e3475.example,u3475,"p,3475""x",n3475
Entry 3476,https://e3476.example,u3476,"p,3476""x",n3476
Entry 3477,https://e3477.example,u3477,"p,3477""x",n3477
Entry 3478,https://e3478.example,u3478,"p,3478""x",n3478
Entry 3479,https://e3479.example,u3479,"p,3479""x",n3479
Entry 3480,https://e3480.example,u3480,"p,3480""x",n3480
Entry 3481,https://e3481.example,u3481,"p,3481""x",n3481
Entry 3482,https://e3482.example,u3482,"p,3482""x",n3482
Entry 3483,https://e3483.example,u3483,"p,3483""x",n3483
Entry 3484,https://e3484.example,u3484,"p,3484""x",n3484
Entry 3485,https://e3485.example,u3485,"p,3485""x",n3485
Entry 3486,https://e3486.example,u3486,"p,3486""x",n3486
Entry 3487,https://e3487.example,u3487,"p,3487""x",n3487
Entry 3488,https://e3488.example,u3488,"p,3488""x",n3488
Entry 3489,https://e3489.example,u3489,"p,3489""x",n3489
Entry 3490,https://e3490.example,u3490,"p,3490""x",n3490
Entry 3491,https://e3491.example,u3491,"p,3491""x",n3491
Entry 3492,https://e3492.example,u3492,"p,3492""x",n3492
Entry 3493,https://e3493.example,u3493,"p,3493""x",n3493
Entry 3494,https://e3494.example,u3494,"p,3494""x",n3494
Entry 3495,https://e3495.example,u3495,"p,3495""x",n3495
Entry 3496,https://e3496.example,u3496,"p,3496""x",n3496
Entry 3497,https://e3497.example,u3497,"p,3497""x",n3497
Entry 3498,https://e3498.example,u3498,"p,3498""x",n3498
Entry 3499,https://e3499.example,u3499,"p,3499""x",n3499
Entry 3500,https://e3500.example,u3500,"p,3500""x",n3500
Entry 3501,https://e3501.example,u3501,"p,3501""x",n3501
Entry 3502,https://e3502.example,u3502,"p,3502""x",n3502
Entry 3503,https://e3503.example,u3503,"p,3503""x",n3503
Entry 3504,https://e3504.example,u3504,"p,3504""x",n3504
Entry 3505,https://e3505.example,u3505,"p,3505""x",n3505
Entry 3506,https://e3506.example,u3506,"p,3506""x",n3506
Entry 3507,https://e3507.example,u3507,"p,3507""x",n3507
Entry 3508,https://e3508.example,u3508,"p,3508""x",n3508
Entry 3509,https://e3509.example,u3509,"p,3509""x",n3509
Entry 3510,https://e3510.example,u3510,"p,3510""x",n3510
Entry 3511,https://e3511.example,u3511,"p,3511""x",n3511
Entry 3512,https://e3512.example,u3512,"p,3512""x",n3512
Entry 3513,https://e3513.example,u3513,"p,3513""x",n3513
Entry 3514,https://e3514.example,u3514,"p,3514""x",n3514
Entry 3515,https://e3515.example,u3515,"p,3515""x",n3515
Entry 3516,https://e3516.example,u3516,"p,3516""x",n3516
Entry 3517,https://e3517.example,u3517,"p,3517""x",n3517
Entry 3518,https://e3518.example,u3518,"p,3518""x",n3518
Entry 3519,https://e3519.example,u3519,"p,3519""x",n3519
Entry 3520,https://e3520.example,u3520,"p,3520""x",n3520
Entry 3521,https://e3521.example,u3521,"p,3521""x",n3521
Entry 3522,https://e3522.example,u3522,"p,3522""x",n3522
Entry 3523,https://e3523.example,u3523,"p,3523""x",n3523
Entry 3524,https://e3524.example,u3524,"p,3524""x",n3524
Entry 3525,https://e3525.example,u3525,"p,3525""x",n3525
Entry 3526,https://e3526.example,u3526,"p,3526""x",n3526
Entry 3527,https://e3527.example,u3527,"p,3527""x",n3527
Entry 3528,https://e3528.example,u3528,"p,3528""x",n3528
Entry 3529,https://e3529.example,u3529,"p,3529""x",n3529
Entry 3530,https://e3530.example,u3530,"p,3530""x",n3530
Entry 3531,https://e3531.example,u3531,"p,3531""x",n3531
Entry 3532,https://e3532.example,u3532,"p,3532""x",n3532
Entry 3533,https://e3533.example,u3533,"p,3533""x",n3533
Entry 3534,https://e3534.example,u3534,"p,3534""x",n3534
Entry 3535,https://e3535.example,u3535,"p,3535""x",n3535
Entry 3536,https://e3536.example,u3536,"p,3536""x",n3536
Entry 3537,https://e3537.example,u3537,"p,3537""x",n3537
Entry 3538,https://e3538.example,u3538,"p,3538""x",n3538
Entry 3539,https://e3539.example,u3539,"p,3539""x",n3539
Entry 3540,https://e3540.example,u3540,"p,3540""x",n3540
Entry 3541,https://e3541.example,u3541,"p,3541""x",n3541
Entry 3542,https://e3542.example,u3542,"p,3542""x",n3542
Entry 3543,https://e3543.example,u3543,"p,3543""x",n3543
Entry 3544,https://e3544.example,u3544,"p,3544""x",n3544
Entry 3545,https://e3545.example,u3545,"p,3545""x",n3545
Entry 3546,https://e3546.example,u3546,"p,3546""x",n3546
Entry 3547,https://e3547.example,u3547,"p,3547""x",n3547
Entry 3548,https://e3548.example,u3548,"p,3548""x",n3548
Entry 3549,https://e3549.example,u3549,"p,3549""x",n3549
Entry 3550,https://e3550.example,u3550,"p,3550""x",n3550
Entry 3551,https://e3551.example,u3551,"p,3551""x",n3551
Entry 3552,https://e3552.example,u3552,"p,3552""x",n3552
Entry 3553,https://e3553.example,u3553,"p,3553""x",n3553
Entry 3554,https://e3554.example,u3554,"p,3554""x",n3554
Entry 3555,https://e3555.example,u3555,"p,3555""x",n3555
Entry 3556,https://e3556.example,u3556,"p,3556""x",n3556
Entry 3557,https://e3557.example,u3557,"p,3557""x",n3557
Entry 3558,https://e3558.example,u3558,"p,3558""x",n3558
Entry 3559,https://e3559.example,u3559,"p,3559""x",n3559
Entry 3560,https://e3560.example,u3560,"p,3560""x",n3560
Entry 3561,https://e3561.example,u3561,"p,3561""x",n3561
Entry 3562,https://e3562.example,u3562,"p,3562""x",n3562
Entry 3563,https://e3563.example,u3563,"p,3563""x",n3563
Entry 3564,https://e3564.example,u3564,"p,3564""x",n3564
Entry 3565,https://e3565.example,u3565,"p,3565""x",n3565
Entry 3566,https://e3566.example,u3566,"p,3566""x",n3566
Entry 3567,https://e3567.example,u3567,"p,3567""x",n3567
Entry 3568,https://e3568.example,u3568,"p,3568""x",n3568
Entry 3569,https://e3569.example,u3569,"p,3569""x",n3569
Entry 3570,https://e3570.example,u3570,"p,3570""x",n3570
Entry 3571,https://e3571.example,u3571,"p,3571""x",n3571
Entry 3572,https://e3572.example,u3572,"p,3572""x",n3572
Entry 3573,https://e3573.example,u3573,"p,3573""x",n3573
Entry 3574,https://e3574.example,u3574,"p,3574""x",n3574
Entry 3575,https://e3575.example,u3575,"p,3575""x",n3575
Entry 3576,https://e3576.example,u3576,"p,3576""x",n3576
Entry 3577,https://e3577.example,u3577,"p,3577""x",n3577
Entry 3578,https://e3578.example,u3578,"p,3578""x",n3578
Entry 3579,https://e3579.example,u3579,"p,3579""x",n3579
Entry 3580,https://e3580.example,u3580,"p,3580""x",n3580
Entry 3581,https://e3581.example,u3581,"p,3581""x",n3581
Entry 3582,https://e3582.example,u3582,"p,3582""x",n3582
Entry 3583,https://e3583.example,u3583,"p,3583""x",n3583
Entry 3584,https://e3584.example,u3584,"p,3584""x",n3584
Entry 3585,https://e3585.example,u3585,"p,3585""x",n3585
Entry 3586,https://e3586.example,u3586,"p,3586""x",n3586
Entry 3587,https://e3587.example,u3587,"p,3587""x",n3587
Entry 3588,https://e3588.example,u3588,"p,3588""x",n3588
Entry 3589,https://e3589.example,u3589,"p,3589""x",n3589
Entry 3590,https://e3590.example,u3590,"p,3590""x",n3590
Entry 3591,https://e3591.example,u3591,"p,3591""x",n3591
Entry 3592,https://e3592.example,u3592,"p,3592""x",n3592
Entry 3593,https://e3593.example,u3593,"p,3593""x",n3593
Entry 3594,https://e3594.example,u3594,"p,3594""x",n3594
Entry 3595,https://e3595.example,u3595,"p,3595""x",n3595
Entry 3596,https://e3596.example,u3596,"p,3596""x",n3596
Entry 3597,https://e3597.example,u3597,"p,3597""x",n3597
Entry 3598,https://e3598.example,u3598,"p,3598""x",n3598
Entry 3599,https://e3599.example,u3599,"p,3599""x",n3599
Entry 3600,https://e3600.example,u3600,"p,3600""x",n3600
Entry 3601,https://e3601.example,u3601,"p,3601""x",n3601
Entry 3602,https://e3602.example,u3602,"p,3602""x",n3602
Entry 3603,https://e3603.example,u3603,"p,3603""x",n3603
Entry 3604,https://e3604.example,u3604,"p,3604""x",n3604
Entry 3605,https://e3605.example,u3605,"p,3605""x",n3605
Entry 3606,https://e3606.example,u3606,"p,3606""x",n3606
Entry 3607,https://e3607.example,u3607,"p,3607""x",n3607
Entry 3608,https://e3608.example,u3608,"p,3608""x",n3608
Entry 3609,https://e3609.example,u3609,"p,3609""x",n3609
Entry 3610,https://e3610.example,u3610,"p,3610""x",n3610
Entry 3611,https://e3611.example,u3611,"p,3611""x",n3611
Entry 3612,https://e3612.example,u3612,"p,3612""x",n3612
Entry 3613,https://e3613.example,u3613,"p,3613""x",n3613
Entry 3614,https://e3614.example,u3614,"p,3614""x",n3614
Entry 3615,https://e3615.example,u3615,"p,3615""x",n3615
Entry 3616,https://e3616.example,u3616,"p,3616""x",n3616
Entry 3617,https://e3617.example,u3617,"p,3617""x",n3617
Entry 3618,https://e3618.example,u3618,"p,3618""x",n3618
Entry 3619,https://e3619.example,u3619,"p,3619""x",n3619
Entry 3620,https://e3620.example,u3620,"p,3620""x",n3620
Entry 3621,https://e3621.example,u3621,"p,3621""x",n3621
Entry 3622,https://e3622.example,u3622,"p,3622""x",n3622
Entry 3623,https://e3623.example,u3623,"p,3623""x",n3623
Entry 3624,https://e3624.example,u3624,"p,3624""x",n3624
Entry 3625,https://e3625.example,u3625,"p,3625""x",n3625
Entry 3626,https://e3626.example,u3626,"p,3626""x",n3626
Entry 3627,https://e3627.example,u3627,"p,3627""x",n3627
Entry 3628,https://e3628.example,u3628,"p,3628""x",n3628
Entry 3629,https://e3629.example,u3629,"p,3629""x",n3629
Entry 3630,https://e3630.example,u3630,"p,3630""x",n3630
Entry 3631,https://e3631.example,u3631,"p,3631""x",n3631
Entry 3632,https://e3632.example,u3632,"p,3632""x",n3632
Entry 3633,https://e3633.example,u3633,"p,3633""x",n3633
Entry 3634,https://e3634.example,u3634,"p,3634""x",n3634
Entry 3635,https://e3635.example,u3635,"p,3635""x",n3635
Entry 3636,https://e3636.example,u3636,"p,3636""x",n3636
Entry 3637,https://e3637.example,u3637,"p,3637""x",n3637
Entry 3638,https://e3638.example,u3638,"p,3638""x",n3638
Entry 3639,https://e3639.example,u3639,"p,3639""x",n3639
Entry 3640,https://e3640.example,u3640,"p,3640""x",n3640
Entry 3641,https://e3641.example,u3641,"p,3641""x",n3641
Entry 3642,https://e3642.example,u3642,"p,3642""x",n3642
Entry 3643,https://e3643.example,u3643,"p,3643""x",n3643
Entry 3644,https://e3644.example,u3644,"p,3644""x",n3644
Entry 3645,https://e3645.example,u3645,"p,3645""x",n3645
Entry 3646,https://e3646.example,u3646,"p,3646""x",n3646
Entry 3647,https://e3647.example,u3647,"p,3647""x",n3647
Entry 3648,https://e3648.example,u3648,"p,3648""x",n3648
Entry 3649,https://e3649.example,u3649,"p,3649""x",n3649
Entry 3650,https://e3650.example,u3650,"p,3650""x",n3650
Entry 3651,https://e3651.example,u3651,"p,3651""x",n3651
Entry 3652,https://e3652.example,u3652,"p,3652""x",n3652
Entry 3653,https://e3653.example,u3653,"p,3653""x",n3653
Entry 3654,https://e3654.example,u3654,"p,3654""x",n3654
Entry 3655,https://e3655.example,u3655,"p,3655""x",n3655
Entry 3656,https://e3656.example,u3656,"p,3656""x",n3656
Entry 3657,https://e3657.example,u3657,"p,3657""x",n3657
Entry 3658,https://e3658.example,u3658,"p,3658""x",n3658
Entry 3659,https://e3659.example,u3659,"p,3659""x",n3659
Entry 3660,https://e3660.example,u3660,"p,3660""x",n3660
Entry 3661,https://e3661.example,u3661,"p,3661""x",n3661
Entry 3662,https://e3662.example,u3662,"p,3662""x",n3662
Entry 3663,https://e3663.example,u3663,"p,3663""x",n3663
Entry 3664,https://e3664.example,u3664,"p,3664""x",n3664
Entry 3665,https://e3665.example,u3665,"p,3665""x",n3665
Entry 3666,https://e3666.example,u3666,"p,3666""x",n3666
Entry 3667,https://e3667.example,u3667,"p,3667""x",n3667
Entry 3668,https://e3668.example,u3668,"p,3668""x",n3668
Entry 3669,https://e3669.example,u3669,"p,3669""x",n3669
Entry 3670,https://e3670.example,u3670,"p,3670""x",n3670
Entry 3671,https://e3671.example,u3671,"p,3671""x",n3671
Entry 3672,https://e3672.example,u3672,"p,3672""x",n3672
Entry 3673,https://e3673.example,u3673,"p,3673""x",n3673
Entry 3674,https://e3674.example,u3674,"p,3674""x",n3674
Entry 3675,https://e3675.example,u3675,"p,3675""x",n3675
Entry 3676,https://e3676.example,u3676,"p,3676""x",n3676
Entry 3677,https://e3677.example,u3677,"p,3677""x",n3677
Entry 3678,https://e3678.example,u3678,"p,3678""x",n3678
Entry 3679,https://e3679.example,u3679,"p,3679""x",n3679
Entry 3680,https://e3680.example,u3680,"p,3680""x",n3680
Entry 3681,https://e3681.example,u3681,"p,3681""x",n3681
Entry 3682,https://e3682.example,u3682,"p,3682""x",n3682
Entry 3683,https://e3683.example,u3683,"p,3683""x",n3683
Entry 3684,https://e3684.example,u3684,"p,3684""x",n3684
Entry 3685,https://e3685.example,u3685,"p,3685""x",n3685
Entry 3686,https://e3686.example,u3686,"p,3686""x",n3686
Entry 3687,https://e3687.example,u3687,"p,3687""x",n3687
Entry 3688,https://e3688.example,u3688,"p,3688""x",n3688
Entry 3689,https://e3689.example,u3689,"p,3689""x",n3689
Entry 3690,https://e3690.example,u3690,"p,3690""x",n3690
Entry 3691,https://e3691.example,u3691,"p,3691""x",n3691
Entry 3692,https://e3692.example,u3692,"p,3692""x",n3692
Entry 3693,https://e3693.example,u3693,"p,3693""x",n3693
Entry 3694,https://e3694.example,u3694,"p,3694""x",n3694
Entry 3695,https://e3695.example,u3695,"p,3695""x",n3695
Entry 3696,https://e3696.example,u3696,"p,3696""x",n3696
Entry 3697,https://e3697.example,u3697,"p,3697""x",n3697
Entry 3698,https://e3698.example,u3698,"p,3698""x",n3698
Entry 3699,https://e3699.example,u3699,"p,3699""x",n3699
Entry 3700,https://e3700.example,u3700,"p,3700""x",n3700
Entry 3701,https://e3701.example,u3701,"p,3701""x",n3701
Entry 3702,https://e3702.example,u3702,"p,3702""x",n3702
Entry 3703,https://e3703.example,u3703,"p,3703""x",n3703
Entry 3704,https://e3704.example,u3704,"p,3704""x",n3704
Entry 3705,https://e3705.example,u3705,"p,3705""x",n3705
Entry 3706,https://e3706.example,u3706,"p,3706""x",n3706
Entry 3707,https://e3707.example,u3707,"p,3707""x",n3707
Entry 3708,https://e3708.example,u3708,"p,3708""x",n3708
Entry 3709,https://e3709.example,u3709,"p,3709""x",n3709
Entry 3710,https://e3710.example,u3710,"p,3710""x",n3710
Entry 3711,https://e3711.example,u3711,"p,3711""x",n3711
Entry 3712,https://e3712.example,u3712,"p,3712""x",n3712
Entry 3713,https://e3713.example,u3713,"p,3713""x",n3713
Entry 3714,https://e3714.example,u3714,"p,3714""x",n3714
Entry 3715,https://e3715.example,u3715,"p,3715""x",n3715
Entry 3716,https://e3716.example,u3716,"p,3716""x",n3716
Entry 3717,https://e3717.example,u3717,"p,3717""x",n3717
Entry 3718,https://e3718.example,u3718,"p,3718""x",n3718
Entry 3719,https://e3719.example,u3719,"p,3719""x",n3719
Entry 3720,https://e3720.example,u3720,"p,3720""x",n3720
Entry 3721,https://e3721.example,u3721,"p,3721""x",n3721
Entry 3722,https://e3722.example,u3722,"p,3722""x",n3722
Entry 3723,https://e3723.example,u3723,"p,3723""x",n3723
Entry 3724,https://e3724.example,u3724,"p,3724""x",n3724
Entry 3725,https://e3725.example,u3725,"p,3725""x",n3725
Entry 3726,https://e3726.example,u3726,"p,3726""x",n3726
Entry 3727,https://e3727.example,u3727,"p,3727""x",n3727
Entry 3728,https://e3728.example,u3728,"p,3728""x",n3728
Entry 3729,https://e3729.example,u3729,"p,3729""x",n3729
Entry 3730,https://e3730.example,u3730,"p,3730""x",n3730
Entry 3731,https://e3731.example,u3731,"p,3731""x",n3731
Entry 3732,https://e3732.example,u3732,"p,3732""x",n3732
Entry 3733,https://e3733.example,u3733,"p,3733""x",n3733
Entry 3734,https://e3734.example,u3734,"p,3734""x",n3734
Entry 3735,https://e3735.example,u3735,"p,3735""x",n3735
Entry 3736,https://e3736.example,u3736,"p,3736""x",n3736
Entry 3737,https://e3737.example,u3737,"p,3737""x",n3737
Entry 3738,https://e3738.example,u3738,"p,3738""x",n3738
Entry 3739,https://e3739.example,u3739,"p,3739""x",n3739
Entry 3740,https://e3740.example,u3740,"p,3740""x",n3740
Entry 3741,https://e3741.example,u3741,"p,3741""x",n3741
Entry 3742,https://e3742.example,u3742,"p,3742""x",n3742
Entry 3743,https://e3743.example,u3743,"p,3743""x",n3743
Entry 3744,https://e3744.example,u3744,"p,3744""x",n3744
Entry 3745,https://e3745.example,u3745,"p,3745""x",n3745
Entry 3746,https://e3746.example,u3746,"p,3746""x",n3746
Entry 3747,https://e3747.example,u3747,"p,3747""x",n3747
Entry 3748,https://e3748.example,u3748,"p,3748""x",n3748
Entry 3749,https://e3749.example,u3749,"p,3749""x",n3749
Entry 3750,https://e3750.example,u3750,"p,3750""x",n3750
Entry 3751,https://e3751.example,u3751,"p,3751""x",n3751
Entry 3752,https://e3752.example,u3752,"p,3752""x",n3752
Entry 3753,https://e3753.example,u3753,"p,3753""x",n3753
Entry 3754,https://e3754.example,u3754,"p,3754""x",n3754
Entry 3755,https://e3755.example,u3755,"p,3755""x",n3755
Entry 3756,https://e3756.example,u3756,"p,3756""x",n3756
Entry 3757,https://e3757.example,u3757,"p,3757""x",n3757
Entry 3758,https://e3758.example,u3758,"p,3758""x",n3758
Entry 3759,https://e3759.example,u3759,"p,3759""x",n3759
Entry 3760,https://e3760.example,u3760,"p,3760""x",n3760
Entry 3761,https://e3761.example,u3761,"p,3761""x",n3761
Entry 3762,https://e3762.example,u3762,"p,3762""x",n3762
Entry 3763,https://e3763.example,u3763,"p,3763""x",n3763
Entry 3764,https://e3764.example,u3764,"p,3764""x",n3764
Entry 3765,https://e3765.example,u3765,"p,3765""x",n3765
Entry 3766,https://e3766.example,u3766,"p,3766""x",n3766
Entry 3767,https://e3767.example,u3767,"p,3767""x",n3767
Entry 3768,https://e3768.example,u3768,"p,3768""x",n3768
Entry 3769,https://e3769.example,u3769,"p,3769""x",n3769
Entry 3770,https://e3770.example,u3770,"p,3770""x",n3770
Entry 3771,https://e3771.example,u3771,"p,3771""x",n3771
Entry 3772,https://e3772.example,u3772,"p,3772""x",n3772
Entry 3773,https://e3773.example,u3773,"p,3773""x",n3773
Entry 3774,https://e3774.example,u3774,"p,3774""x",n3774
Entry 3775,https://e3775.example,u3775,"p,3775""x",n3775
Entry 3776,https://e3776.example,u3776,"p,3776""x",n3776
Entry 3777,https://e3777.example,u3777,"p,3777""x",n3777
Entry 3778,https://e3778.example,u3778,"p,3778""x",n3778
Entry 3779,https://e3779.example,u3779,"p,3779""x",n3779
Entry 3780,https://e3780.example,u3780,"p,3780""x",n3780
Entry 3781,https://e3781.example,u3781,"p,3781""x",n3781
Entry 3782,https://e3782.example,u3782,"p,3782""x",n3782
Entry 3783,https://e3783.example,u3783,"p,3783""x",n3783
Entry 3784,https://e3784.example,u3784,"p,3784""x",n3784
Entry 3785,https://e3785.example,u3785,"p,3785""x",n3785
Entry 3786,https://e3786.example,u3786,"p,3786""x",n3786
Entry 3787,https://e3787.example,u3787,"p,3787""x",n3787
Entry 3788,https://e3788.example,u3788,"p,3788""x",n3788
Entry 3789,https://e3789.example,u3789,"p,3789""x",n3789
Entry 3790,https://e3790.example,u3790,"p,3790""x",n3790
Entry 3791,https://e3791.example,u3791,"p,3791""x",n3791
Entry 3792,https://e3792.example,u3792,"p,3792""x",n3792
Entry 3793,https://e3793.example,u3793,"p,3793""x",n3793
Entry 3794,https://e3794.example,u3794,"p,3794""x",n3794
Entry 3795,https://e3795.example,u3795,"p,3795""x",n3795
Entry 3796,https://e3796.example,u3796,"p,3796""x",n3796
Entry 3797,https://e3797.example,u3797,"p,3797""x",n3797
Entry 3798,https://e3798.example,u3798,"p,3798""x",n3798
Entry 3799,https://e3799.example,u3799,"p,3799""x",n3799
Entry 3800,https://e3800.example,u3800,"p,3800""x",n3800
Entry 3801,https://e3801.example,u3801,"p,3801""x",n3801
Entry 3802,https://e3802.example,u3802,"p,3802""x",n3802
Entry 3803,https://e3803.example,u3803,"p,3803""x",n3803
Entry 3804,https://e3804.example,u3804,"p,3804""x",n3804
Entry 3805,https://e3805.example,u3805,"p,3805""x",n3805
Entry 3806,https://e3806.example,u3806,"p,3806""x",n3806
Entry 3807,https://e3807.example,u3807,"p,3807""x",n3807
Entry 3808,https://e3808.example,u3808,"p,3808""x",n3808
Entry 3809,https://e3809.example,u3809,"p,3809""x",n3809
Entry 3810,https://e3810.example,u3810,"p,3810""x",n3810
Entry 3811,https://e3811.example,u3811,"p,3811""x",n3811
Entry 3812,https://e3812.example,u3812,"p,3812""x",n3812
Entry 3813,https://e3813.example,u3813,"p,3813""x",n3813
Entry 3814,https://e3814.example,u3814,"p,3814""x",n3814
Entry 3815,https://e3815.example,u3815,"p,3815""x",n3815
Entry 3816,https://e3816.example,u3816,"p,3816""x",n3816
Entry 3817,https://e3817.example,u3817,"p,3817""x",n3817
Entry 3818,https://e3818.example,u3818,"p,3818""x",n3818
Entry 3819,https://e3819.example,u3819,"p,3819""x",n3819
Entry 3820,https://e3820.example,u3820,"p,3820""x",n3820
Entry 3821,https://e3821.example,u3821,"p,3821""x",n3821
Entry 3822,https://e3822.example,u3822,"p,3822""x",n3822
Entry 3823,https://e3823.example,u3823,"p,3823""x",n3823
Entry 3824,https://e3824.example,u3824,"p,3824""x",n3824
Entry 3825,https://e3825.example,u3825,"p,3825""x",n3825
Entry 3826,https://e3826.example,u3826,"p,3826""x",n3826
Entry 3827,https://e3827.example,u3827,"p,3827""x",n3827
Entry 3828,https://e3828.example,u3828,"p,3828""x",n3828
Entry 3829,https://e3829.example,u3829,"p,3829""x",n3829
Entry 3830,https://e3830.example,u3830,"p,3830""x",n3830
Entry 3831,https://e3831.example,u3831,"p,3831""x",n3831
Entry 3832,https://e3832.example,u3832,"p,3832""x",n3832
Entry 3833,https://e3833.example,u3833,"p,3833""x",n3833
Entry 3834,https://e3834.example,u3834,"p,3834""x",n3834
Entry 3835,https://e3835.example,u3835,"p,3835""x",n3835
Entry 3836,https://e3836.example,u3836,"p,3836""x",n3836
Entry 3837,https://e3837.example,u3837,"p,3837""x",n3837
Entry 3838,https://e3838.example,u3838,"p,3838""x",n3838
Entry 3839,https://e3839.example,u3839,"p,3839""x",n3839
Entry 3840,https://e3840.example,u3840,"p,3840""x",n3840
Entry 3841,https://e3841.example,u3841,"p,3841""x",n3841
Entry 3842,https://e3842.example,u3842,"p,3842""x",n3842
Entry 3843,https://e3843.example,u3843,"p,3843""x",n3843
Entry 3844,https://e3844.example,u3844,"p,3844""x",n3844
Entry 3845,https://e3845.example,u3845,"p,3845""x",n3845
Entry 3846,https://e3846.example,u3846,"p,3846""x",n3846
Entry 3847,https://e3847.example,u3847,"p,3847""x",n3847
Entry 3848,https://e3848.example,u3848,"p,3848""x",n3848
Entry 3849,https://e3849.example,u3849,"p,3849""x",n3849
Entry 3850,https://e3850.example,u3850,"p,3850""x",n3850
Entry 3851,https://e3851.example,u3851,"p,3851""x",n3851
Entry 3852,https://e3852.example,u3852,"p,3852""x",n3852
Entry 3853,https://e3853.example,u3853,"p,3853""x",n3853
Entry 3854,https://e3854.example,u3854,"p,3854""x",n3854
Entry 3855,https://e3855.example,u3855,"p,3855""x",n3855
Entry 3856,https://e3856.example,u3856,"p,3856""x",n3856
Entry 3857,https://e3857.example,u3857,"p,3857""x",n3857
Entry 3858,https://e3858.example,u3858,"p,3858""x",n3858
Entry 3859,https://e3859.example,u3859,"p,3859""x",n3859
Entry 3860,https://e3860.example,u3860,"p,3860""x",n3860
Entry 3861,https://e3861.example,u3861,"p,3861""x",n3861
Entry 3862,https://e3862.example,u3862,"p,3862""x",n3862
Entry 3863,https://e3863.example,u3863,"p,3863""x",n3863
Entry 3864,https://e3864.example,u3864,"p,3864""x",n3864
Entry 3865,https://e3865.example,u3865,"p,3865""x",n3865
Entry 3866,https://e3866.example,u3866,"p,3866""x",n3866
Entry 3867,https://e3867.example,u3867,"p,3867""x",n3867
Entry 3868,https://e3868.example,u3868,"p,3868""x",n3868
Entry 3869,https://e3869.example,u3869,"p,3869""x",n3869
Entry 3870,https://e3870.example,u3870,"p,3870""x",n3870
Entry 3871,https://e3871.example,u3871,"p,3871""x",n3871
Entry 3872,https://e3872.example,u3872,"p,3872""x",n3872
Entry 3873,https://e3873.example,u3873,"p,3873""x",n3873
Entry 3874,https://e3874.example,u3874,"p,3874""x",n3874
Entry 3875,https://e3875.example,u3875,"p,3875""x",n3875
Entry 3876,https://e3876.example,u3876,"p,3876""x",n3876
Entry 3877,https://e3877.example,u3877,"p,3877""x",n3877
Entry 3878,https://e3878.example,u3878,"p,3878""x",n3878
Entry 3879,https://e3879.example,u3879,"p,3879""x",n3879
Entry 3880,https://e3880.example,u3880,"p,3880""x",n3880
Entry 3881,https://e3881.example,u3881,"p,3881""x",n3881
Entry 3882,https://e3882.example,u3882,"p,3882""x",n3882
Entry 3883,https://e3883.example,u3883,"p,3883""x",n3883
Entry 3884,https://e3884.example,u3884,"p,3884""x",n3884
Entry 3885,https://e3885.example,u3885,"p,3885""x",n3885
Entry 3886,https://e3886.example,u3886,"p,3886""x",n3886
Entry 3887,https://e3887.example,u3887,"p,3887""x",n3887
Entry 3888,https://e3888.example,u3888,"p,3888""x",n3888
Entry 3889,https://e3889.example,u3889,"p,3889""x",n3889
Entry 3890,https://e3890.example,u3890,"p,3890""x",n3890
Entry 3891,https://e3891.example,u3891,"p,3891""x",n3891
Entry 3892,https://e3892.example,u3892,"p,3892""x",n3892
Entry 3893,https://e3893.example,u3893,"p,3893""x",n3893
Entry 3894,https://e3894.example,u3894,"p,3894""x",n3894
Entry 3895,https://e3895.example,u3895,"p,3895""x",n3895
Entry 3896,https://e3896.example,u3896,"p,3896""x",n3896
Entry 3897,https://e3897.example,u3897,"p,3897""x",n3897
Entry 3898,https://e3898.example,u3898,"p,3898""x",n3898
Entry 3899,https://e3899.example,u3899,"p,3899""x",n3899
Entry 3900,https://e3900.example,u3900,"p,3900""x",n3900
Entry 3901,https://e3901.example,u3901,"p,3901""x",n3901
Entry 3902,https://e3902.example,u3902,"p,3902""x",n3902
Entry 3903,https://e3903.example,u3903,"p,3903""x",n3903
Entry 3904,https://e3904.example,u3904,"p,3904""x",n3904
Entry 3905,https://e3905.example,u3905,"p,3905""x",n3905
Entry 3906,https://e3906.example,u3906,"p,3906""x",n3906
Entry 3907,https://e3907.example,u3907,"p,3907""x",n3907
Entry 3908,https://e3908.example,u3908,"p,3908""x",n3908
Entry 3909,https://e3909.example,u3909,"p,3909""x",n3909
Entry 3910,https://e3910.example,u3910,"p,3910""x",n3910
Entry 3911,https://e3911.example,u3911,"p,3911""x",n3911
Entry 3912,https://e3912.example,u3912,"p,3912""x",n3912
Entry 3913,https://e3913.example,u3913,"p,3913""x",n3913
Entry 3914,https://e3914.example,u3914,"p,3914""x",n3914
Entry 3915,https://e3915.example,u3915,"p,3915""x",n3915
Entry 3916,https://e3916.example,u3916,"p,3916""x",n3916
Entry 3917,https://e3917.example,u3917,"p,3917""x",n3917
Entry 3918,https://e3918.example,u3918,"p,3918""x",n3918
Entry 3919,https://e3919.example,u3919,"p,3919""x",n3919
Entry 3920,https://e3920.example,u3920,"p,3920""x",n3920
Entry 3921,https://e3921.example,u3921,"p,3921""x",n3921
Entry 3922,https://e3922.example,u3922,"p,3922""x",n3922
Entry 3923,https://e3923.example,u3923,"p,3923""x",n3923
Entry 3924,https://e3924.example,u3924,"p,3924""x",n3924
Entry 3925,https://e3925.example,u3925,"p,3925""x",n3925
Entry 3926,https://e3926.example,u3926,"p,3926""x",n3926
Entry 3927,https://e3927.example,u3927,"p,3927""x",n3927
Entry 3928,https://e3928.example,u3928,"p,3928""x",n3928
Entry 3929,https://e3929.example,u3929,"p,3929""x",n3929
Entry 3930,https://e3930.example,u3930,"p,3930""x",n3930
Entry 3931,https://e3931.example,u3931,"p,3931""x",n3931
Entry 3932,https://e3932.example,u3932,"p,3932""x",n3932
Entry 3933,https://e3933.example,u3933,"p,3933""x",n3933
Entry 3934,https://e3934.example,u3934,"p,3934""x",n3934
Entry 3935,https://e3935.example,u3935,"p,3935""x",n3935
Entry 3936,https://e3936.example,u3936,"p,3936""x",n3936
Entry 3937,https://e3937.example,u3937,"p,3937""x",n3937
Entry 3938,https://e3938.example,u3938,"p,3938""x",n3938
Entry 3939,https://e3939.example,u3939,"p,3939""x",n3939
Entry 3940,https://e3940.example,u3940,"p,3940""x",n3940
Entry 3941,https://e3941.example,u3941,"p,3941""x",n3941
Entry 3942,https://e3942.example,u3942,"p,3942""x",n3942
Entry 3943,https://e3943.example,u3943,"p,3943""x",n3943
Entry 3944,https://e3944.example,u3944,"p,3944""x",n3944
Entry 3945,https://e3945.example,u3945,"p,3945""x",n3945
Entry 3946,https://e3946.example,u3946,"p,3946""x",n3946
Entry 3947,https://e3947.example,u3947,"p,3947""x",n3947
Entry 3948,https://e3948.example,u3948,"p,3948""x",n3948
Entry 3949,https://e3949.example,u3949,"p,3949""x",n3949
Entry 3950,https://e3950.example,u3950,"p,3950""x",n3950
Entry 3951,https://e3951.example,u3951,"p,3951""x",n3951
Entry 3952,https://e3952.example,u3952,"p,3952""x",n3952
Entry 3953,https://e3953.example,u3953,"p,3953""x",n3953
Entry 3954,https://e3954.example,u3954,"p,3954""x",n3954
Entry 3955,https://e3955.example,u3955,"p,3955""x",n3955
Entry 3956,https://e3956.example,u3956,"p,3956""x",n3956
Entry 3957,https://e3957.example,u3957,"p,3957""x",n3957
Entry 3958,https://e3958.example,u3958,"p,3958""x",n3958
Entry 3959,https://e3959.example,u3959,"p,3959""x",n3959
Entry 3960,https://e3960.example,u3960,"p,3960""x",n3960
Entry 3961,https://e3961.example,u3961,"p,3961""x",n3961
Entry 3962,https://e3962.example,u3962,"p,3962""x",n3962
Entry 3963,https://e3963.example,u3963,"p,3963""x",n3963
Entry 3964,https://e3964.example,u3964,"p,3964""x",n3964
Entry 3965,https://e3965.example,u3965,"p,3965""x",n3965
Entry 3966,https://e3966.example,u3966,"p,3966""x",n3966
Entry 3967,https://e3967.example,u3967,"p,3967""x",n3967
Entry 3968,https://e3968.example,u3968,"p,3968""x",n3968
Entry 3969,https://e3969.example,u3969,"p,3969""x",n3969
Entry 3970,https://e3970.example,u3970,"p,3970""x",n3970
Entry 3971,https://e3971.example,u3971,"p,3971""x",n3971
Entry 3972,https://e3972.example,u3972,"p,3972""x",n3972
Entry 3973,https://e3973.example,u3973,"p,3973""x",n3973
Entry 3974,https://e3974.example,u3974,"p,3974""x",n3974
Entry 3975,https://e3975.example,u3975,"p,3975""x",n3975
Entry 3976,https://e3976.example,u3976,"p,3976""x",n3976
Entry 3977,https://e3977.example,u3977,"p,3977""x",n3977
Entry 3978,https://e3978.example,u3978,"p,3978""x",n3978
Entry 3979,https://e3979.example,u3979,"p,3979""x",n3979
Entry 3980,https://e3980.example,u3980,"p,3980""x",n3980
Entry 3981,https://e3981.example,u3981,"p,3981""x",n3981
Entry 3982,https://e3982.example,u3982,"p,3982""x",n3982
Entry 3983,https://e3983.example,u3983,"p,3983""x",n3983
Entry 3984,https://e3984.example,u3984,"p,3984""x",n3984
Entry 3985,https://e3985.example,u3985,"p,3985""x",n3985
Entry 3986,https://e3986.example,u3986,"p,3986""x",n3986
Entry 3987,https://e3987.example,u3987,"p,3987""x",n3987
Entry 3988,https://e3988.example,u3988,"p,3988""x",n3988
Entry 3989,https://e3989.example,u3989,"p,3989""x",n3989
Entry 3990,https://e3990.example,u3990,"p,3990""x",n3990
Entry 3991,https://e3991.example,u3991,"p,3991""x",n3991
Entry 3992,https://e3992.example,u3992,"p,3992""x",n3992
Entry 3993,https://e3993.example,u3993,"p,3993""x",n3993
Entry 3994,https://e3994.example,u3994,"p,3994""x",n3994
Entry 3995,https://e3995.example,u3995,"p,3995""x",n3995
Entry 3996,https://e3996.example,u3996,"p,3996""x",n3996
Entry 3997,https://e3997.example,u3997,"p,3997""x",n3997
Entry 3998,https://e3998.example,u3998,"p,3998""x",n3998
Entry 3999,https://e3999.example,u3999,"p,3999""x",n3999
Entry 4000,https://e4000.example,u4000,"p,4000""x",n4000
Entry 4001,https://e4001.example,u4001,"p,4001""x",n4001
Entry 4002,https://e4002.example,u4002,"p,4002""x",n4002
Entry 4003,https://e4003.example,u4003,"p,4003""x",n4003
Entry 4004,https://e4004.example,u4004,"p,4004""x",n4004
Entry 4005,https://e4005.example,u4005,"p,4005""x",n4005
Entry 4006,https://e4006.example,u4006,"p,4006""x",n4006
Entry 4007,https://e4007.example,u4007,"p,4007""x",n4007
Entry 4008,https://e4008.example,u4008,"p,4008""x",n4008
Entry 4009,https://e4009.example,u4009,"p,4009""x",n4009
Entry 4010,https://e4010.example,u4010,"p,4010""x",n4010
Entry 4011,https://e4011.example,u4011,"p,4011""x",n4011
Entry 4012,https://e4012.example,u4012,"p,4012""x",n4012
Entry 4013,https://e4013.example,u4013,"p,4013""x",n4013
Entry 4014,https://e4014.example,u4014,"p,4014""x",n4014
Entry 4015,https://e4015.example,u4015,"p,4015""x",n4015
Entry 4016,https://e4016.example,u4016,"p,4016""x",n4016
Entry 4017,https://e4017.example,u4017,"p,4017""x",n4017
Entry 4018,https://e4018.example,u4018,"p,4018""x",n4018
Entry 4019,https://e4019.example,u4019,"p,4019""x",n4019
Entry 4020,https://e4020.example,u4020,"p,4020""x",n4020
Entry 4021,https://e4021.example,u4021,"p,4021""x",n4021
Entry 4022,https://e4022.example,u4022,"p,4022""x",n4022
Entry 4023,https://e4023.example,u4023,"p,4023""x",n4023
Entry 4024,https://e4024.example,u4024,"p,4024""x",n4024
Entry 4025,https://e4025.example,u4025,"p,4025""x",n4025
Entry 4026,https://e4026.example,u4026,"p,4026""x",n4026
Entry 4027,https://e4027.example,u4027,"p,4027""x",n4027
Entry 4028,https://e4028.example,u4028,"p,4028""x",n4028
Entry 4029,https://e4029.example,u4029,"p,4029""x",n4029
Entry 4030,https://e4030.example,u4030,"p,4030""x",n4030
Entry 4031,https://e4031.example,u4031,"p,4031""x",n4031
Entry 4032,https://e4032.example,u4032,"p,4032""x",n4032
Entry 4033,https://e4033.example,u4033,"p,4033""x",n4033
Entry 4034,https://e4034.example,u4034,"p,4034""x",n4034
Entry 4035,https://e4035.example,u4035,"p,4035""x",n4035
Entry 4036,https://e4036.example,u4036,"p,4036""x",n4036
Entry 4037,https://e4037.example,u4037,"p,4037""x",n4037
Entry 4038,https://e4038.example,u4038,"p,4038""x",n4038
Entry 4039,https://e4039.example,u4039,"p,4039""x",n4039
Entry 4040,https://e4040.example,u4040,"p,4040""x",n4040
Entry 4041,https://e4041.example,u4041,"p,4041""x",n4041
Entry 4042,https://e4042.example,u4042,"p,4042""x",n4042
Entry 4043,https://e4043.example,u4043,"p,4043""x",n4043
Entry 4044,https://e4044.example,u4044,"p,4044""x",n4044
Entry 4045,https://e4045.example,u4045,"p,4045""x",n4045
Entry 4046,https://e4046.example,u4046,"p,4046""x",n4046
Entry 4047,https://e4047.example,u4047,"p,4047""x",n4047
Entry 4048,https://e4048.example,u4048,"p,4048""x",n4048
Entry 4049,https://e4049.example,u4049,"p,4049""x",n4049
Entry 4050,https://e4050.example,u4050,"p,4050""x",n4050
Entry 4051,https://e4051.example,u4051,"p,4051""x",n4051
Entry 4052,https://e4052.example,u4052,"p,4052""x",n4052
Entry 4053,https://e4053.example,u4053,"p,4053""x",n4053
Entry 4054,https://e4054.example,u4054,"p,4054""x",n4054
Entry 4055,https://e4055.example,u4055,"p,4055""x",n4055
Entry 4056,https://e4056.example,u4056,"p,4056""x",n4056
Entry 4057,https://e4057.example,u4057,"p,4057""x",n4057
Entry 4058,https://e4058.example,u4058,"p,4058""x",n4058
Entry 4059,https://e4059.example,u4059,"p,4059""x",n4059
Entry 4060,https://e4060.example,u4060,"p,4060""x",n4060
Entry 4061,https://e4061.example,u4061,"p,4061""x",n4061
Entry 4062,https://e4062.example,u4062,"p,4062""x",n4062
Entry 4063,https://e4063.example,u4063,"p,4063""x",n4063
Entry 4064,https://e4064.example,u4064,"p,4064""x",n4064
Entry 4065,https://e4065.example,u4065,"p,4065""x",n4065
Entry 4066,https://e4066.example,u4066,"p,4066""x",n4066
Entry 4067,https://e4067.example,u4067,"p,4067""x",n4067
Entry 4068,https://e4068.example,u4068,"p,4068""x",n4068
Entry 4069,https://e4069.example,u4069,"p,4069""x",n4069
Entry 4070,https://e4070.example,u4070,"p,4070""x",n4070
Entry 4071,https://e4071.example,u4071,"p,4071""x",n4071
Entry 4072,https://e4072.example,u4072,"p,4072""x",n4072
Entry 4073,https://e4073.example,u4073,"p,4073""x",n4073
Entry 4074,https://e4074.example,u4074,"p,4074""x",n4074
Entry 4075,https://e4075.example,u4075,"p,4075""x",n4075
Entry 4076,https://e4076.example,u4076,"p,4076""x",n4076
Entry 4077,https://e4077.example,u4077,"p,4077""x",n4077
Entry 4078,https://e4078.example,u4078,"p,4078""x",n4078
Entry 4079,https://e4079.example,u4079,"p,4079""x",n4079
Entry 4080,https://e4080.example,u4080,"p,4080""x",n4080
Entry 4081,https://e4081.example,u4081,"p,4081""x",n4081
Entry 4082,https://e4082.example,u4082,"p,4082""x",n4082
Entry 4083,https://e4083.example,u4083,"p,4083""x",n4083
Entry 4084,https://e4084.example,u4084,"p,4084""x",n4084
Entry 4085,https://e4085.example,u4085,"p,4085""x",n4085
Entry 4086,https://e4086.example,u4086,"p,4086""x",n4086
Entry 4087,https://e4087.example,u4087,"p,4087""x",n4087
Entry 4088,https://e4088.example,u4088,"p,4088""x",n4088
Entry 4089,https://e4089.example,u4089,"p,4089""x",n4089
Entry 4090,https://e4090.example,u4090,"p,4090""x",n4090
Entry 4091,https://e4091.example,u4091,"p,4091""x",n4091
Entry 4092,https://e4092.example,u4092,"p,4092""x",n4092
Entry 4093,https://e4093.example,u4093,"p,4093""x",n4093
Entry 4094,https://e4094.example,u4094,"p,4094""x",n4094
Entry 4095,https://e4095.example,u4095,"p,4095""x",n4095
Entry 4096,https://e4096.example,u4096,"p,4096""x",n4096
Entry 4097,https://e4097.example,u4097,"p,4097""x",n4097
Entry 4098,https://e4098.example,u4098,"p,4098""x",n4098
Entry 4099,https://e4099.example,u4099,"p,4099""x",n4099
Entry 4100,https://e4100.example,u4100,"p,4100""x",n4100
Entry 4101,https://e4101.example,u4101,"p,4101""x",n4101
Entry 4102,https://e4102.example,u4102,"p,4102""x",n4102
Entry 4103,https://e4103.example,u4103,"p,4103""x",n4103
Entry 4104,https://e4104.example,u4104,"p,4104""x",n4104
Entry 4105,https://e4105.example,u4105,"p,4105""x",n4105
Entry 4106,https://e4106.example,u4106,"p,4106""x",n4106
Entry 4107,https://e4107.example,u4107,"p,4107""x",n4107
Entry 4108,https://e4108.example,u4108,"p,4108""x",n4108
Entry 4109,https://e4109.example,u4109,"p,4109""x",n4109
Entry 4110,https://e4110.example,u4110,"p,4110""x",n4110
Entry 4111,https://e4111.example,u4111,"p,4111""x",n4111
Entry 4112,https://e4112.example,u4112,"p,4112""x",n4112
Entry 4113,https://e4113.example,u4113,"p,4113""x",n4113
Entry 4114,https://e4114.example,u4114,"p,4114""x",n4114
Entry 4115,https://e4115.example,u4115,"p,4115""x",n4115
Entry 4116,https://e4116.example,u4116,"p,4116""x",n4116
Entry 4117,https://e4117.example,u4117,"p,4117""x",n4117
Entry 4118,https://e4118.example,u4118,"p,4118""x",n4118
Entry 4119,https://e4119.example,u4119,"p,4119""x",n4119
Entry 4120,https://e4120.example,u4120,"p,4120""x",n4120
Entry 4121,https://e4121.example,u4121,"p,4121""x",n4121
Entry 4122,https://e4122.example,u4122,"p,4122""x",n4122
Entry 4123,https://e4123.example,u4123,"p,4123""x",n4123
Entry 4124,https://e4124.example,u4124,"p,4124""x",n4124
Entry 4125,https://e4125.example,u4125,"p,4125""x",n4125
Entry 4126,https://e4126.example,u4126,"p,4126""x",n4126
Entry 4127,https://e4127.example,u4127,"p,4127""x",n4127
Entry 4128,https://e4128.example,u4128,"p,4128""x",n4128
Entry 4129,https://e4129.example,u4129,"p,4129""x",n4129
Entry 4130,https://e4130.example,u4130,"p,4130""x",n4130
Entry 4131,https://e4131.example,u4131,"p,4131""x",n4131
Entry 4132,https://e4132.example,u4132,"p,4132""x",n4132
Entry 4133,https://e4133.example,u4133,"p,4133""x",n4133
Entry 4134,https://e4134.example,u4134,"p,4134""x",n4134
Entry 4135,https://e4135.example,u4135,"p,4135""x",n4135
Entry 4136,https://e4136.example,u4136,"p,4136""x",n4136
Entry 4137,https://e4137.example,u4137,"p,4137""x",n4137
Entry 4138,https://e4138.example,u4138,"p,4138""x",n4138
Entry 4139,https://e4139.example,u4139,"p,4139""x",n4139
Entry 4140,https://e4140.example,u4140,"p,4140""x",n4140
Entry 4141,https://e4141.example,u4141,"p,4141""x",n4141
Entry 4142,https://e4142.example,u4142,"p,4142""x",n4142
Entry 4143,https://e4143.example,u4143,"p,4143""x",n4143
Entry 4144,https://e4144.example,u4144,"p,4144""x",n4144
Entry 4145,https://e4145.example,u4145,"p,4145""x",n4145
Entry 4146,https://e4146.example,u4146,"p,4146""x",n4146
Entry 4147,https://e4147.example,u4147,"p,4147""x",n4147
Entry 4148,https://e4148.example,u4148,"p,4148""x",n4148
Entry 4149,https://e4149.example,u4149,"p,4149""x",n4149
Entry 4150,https://e4150.example,u4150,"p,4150""x",n4150
Entry 4151,https://e4151.example,u4151,"p,4151""x",n4151
Entry 4152,https://e4152.example,u4152,"p,4152""x",n4152
Entry 4153,https://e4153.example,u4153,"p,4153""x",n4153
Entry 4154,https://e4154.example,u4154,"p,4154""x",n4154
Entry 4155,https://e4155.example,u4155,"p,4155""x",n4155
Entry 4156,https://e4156.example,u4156,"p,4156""x",n4156
Entry 4157,https://e4157.example,u4157,"p,4157""x",n4157
Entry 4158,https://e4158.example,u4158,"p,4158""x",n4158
Entry 4159,https://e4159.example,u4159,"p,4159""x",n4159
Entry 4160,https://e4160.example,u4160,"p,4160""x",n4160
Entry 4161,https://e4161.example,u4161,"p,4161""x",n4161
Entry 4162,https://e4162.example,u4162,"p,4162""x",n4162
Entry 4163,https://e4163.example,u4163,"p,4163""x",n4163
Entry 4164,https://e4164.example,u4164,"p,4164""x",n4164
Entry 4165,https://e4165.example,u4165,"p,4165""x",n4165
Entry 4166,https://e4166.example,u4166,"p,4166""x",n4166
Entry 4167,https://e4167.example,u4167,"p,4167""x",n4167
Entry 4168,https://e4168.example,u4168,"p,4168""x",n4168
Entry 4169,https://e4169.example,u4169,"p,4169""x",n4169
Entry 4170,https://e4170.example,u4170,"p,4170""x",n4170
Entry 4171,https://e4171.example,u4171,"p,4171""x",n4171
Entry 4172,https://e4172.example,u4172,"p,4172""x",n4172
Entry 4173,https://e4173.example,u4173,"p,4173""x",n4173
Entry 4174,https://e4174.example,u4174,"p,4174""x",n4174
Entry 4175,https://e4175.example,u4175,"p,4175""x",n4175
Entry 4176,https://e4176.example,u4176,"p,4176""x",n4176
Entry 4177,https://e4177.example,u4177,"p,4177""x",n4177
Entry 4178,https://e4178.example,u4178,"p,4178""x",n4178
Entry 4179,https://e4179.example,u4179,"p,4179""x",n4179
Entry 4180,https://e4180.example,u4180,"p,4180""x",n4180
Entry 4181,https://e4181.example,u4181,"p,4181""x",n4181
Entry 4182,https://e4182.example,u4182,"p,4182""x",n4182
Entry 4183,https://e4183.example,u4183,"p,4183""x",n4183
Entry 4184,https://e4184.example,u4184,"p,4184""x",n4184
Entry 4185,https://e4185.example,u4185,"p,4185""x",n4185
Entry 4186,https://e4186.example,u4186,"p,4186""x",n4186
Entry 4187,https://e4187.example,u4187,"p,4187""x",n4187
Entry 4188,https://e4188.example,u4188,"p,4188""x",n4188
Entry 4189,https://e4189.example,u4189,"p,4189""x",n4189
Entry 4190,https://e4190.example,u4190,"p,4190""x",n4190
Entry 4191,https://e4191.example,u4191,"p,4191""x",n4191
Entry 4192,https://e4192.example,u4192,"p,4192""x",n4192
Entry 4193,https://e4193.example,u4193,"p,4193""x",n4193
Entry 4194,https://e4194.example,u4194,"p,4194""x",n4194
Entry 4195,https://e4195.example,u4195,"p,4195""x",n4195
Entry 4196,https://e4196.example,u4196,"p,4196""x",n4196
Entry 4197,https://e4197.example,u4197,"p,4197""x",n4197
Entry 4198,https://e4198.example,u4198,"p,4198""x",n4198
Entry 4199,https://e4199.example,u4199,"p,4199""x",n4199
Entry 4200,https://e4200.example,u4200,"p,4200""x",n4200
Entry 4201,https://e4201.example,u4201,"p,4201""x",n4201
Entry 4202,https://e4202.example,u4202,"p,4202""x",n4202
Entry 4203,https://e4203.example,u4203,"p,4203""x",n4203
Entry 4204,https://e4204.example,u4204,"p,4204""x",n4204
Entry 4205,https://e4205.example,u4205,"p,4205""x",n4205
Entry 4206,https://e4206.example,u4206,"p,4206""x",n4206
Entry 4207,https://e4207.example,u4207,"p,4207""x",n4207
Entry 4208,https://e4208.example,u4208,"p,4208""x",n4208
Entry 4209,https://e4209.example,u4209,"p,4209""x",n4209
Entry 4210,https://e4210.example,u4210,"p,4210""x",n4210
Entry 4211,https://e4211.example,u4211,"p,4211""x",n4211
Entry 4212,https://e4212.example,u4212,"p,4212""x",n4212
Entry 4213,https://e4213.example,u4213,"p,4213""x",n4213
Entry 4214,https://e4214.example,u4214,"p,4214""x",n4214
Entry 4215,https://e4215.example,u4215,"p,4215""x",n4215
Entry 4216,https://e4216.example,u4216,"p,4216""x",n4216
Entry 4217,https://e4217.example,u4217,"p,4217""x",n4217
Entry 4218,https://e4218.example,u4218,"p,4218""x",n4218
Entry 4219,https://e4219.example,u4219,"p,4219""x",n4219
Entry 4220,https://e4220.example,u4220,"p,4220""x",n4220
Entry 4221,https://e4221.example,u4221,"p,4221""x",n4221
Entry 4222,https://e4222.example,u4222,"p,4222""x",n4222
Entry 4223,https://e4223.example,u4223,"p,4223""x",n4223
Entry 4224,https://e4224.example,u4224,"p,4224""x",n4224
Entry 4225,https://e4225.example,u4225,"p,4225""x",n4225
Entry 4226,https://e4226.example,u4226,"p,4226""x",n4226
Entry 4227,https://e4227.example,u4227,"p,4227""x",n4227
Entry 4228,https://e4228.example,u4228,"p,4228""x",n4228
Entry 4229,https://e4229.example,u4229,"p,4229""x",n4229
Entry 4230,https://e4230.example,u4230,"p,4230""x",n4230
Entry 4231,https://e4231.example,u4231,"p,4231""x",n4231
Entry 4232,https://e4232.example,u4232,"p,4232""x",n4232
Entry 4233,https://e4233.example,u4233,"p,4233""x",n4233
Entry 4234,https://e4234.example,u4234,"p,4234""x",n4234
Entry 4235,https://e4235.example,u4235,"p,4235""x",n4235
Entry 4236,https://e4236.example,u4236,"p,4236""x",n4236
Entry 4237,https://e4237.example,u4237,"p,4237""x",n4237
Entry 4238,https://e4238.example,u4238,"p,4238""x",n4238
Entry 4239,https://e4239.example,u4239,"p,4239""x",n4239
Entry 4240,https://e4240.example,u4240,"p,4240""x",n4240
Entry 4241,https://e4241.example,u4241,"p,4241""x",n4241
Entry 4242,https://e4242.example,u4242,"p,4242""x",n4242
Entry 4243,https://e4243.example,u4243,"p,4243""x",n4243
Entry 4244,https://e4244.example,u4244,"p,4244""x",n4244
Entry 4245,https://e4245.example,u4245,"p,4245""x",n4245
Entry 4246,https://e4246.example,u4246,"p,4246""x",n4246
Entry 4247,https://e4247.example,u4247,"p,4247""x",n4247
Entry 4248,https://e4248.example,u4248,"p,4248""x",n4248
Entry 4249,https://e4249.example,u4249,"p,4249""x",n4249
Entry 4250,https://e4250.example,u4250,"p,4250""x",n4250
Entry 4251,https://e4251.example,u4251,"p,4251""x",n4251
Entry 4252,https://e4252.example,u4252,"p,4252""x",n4252
Entry 4253,https://e4253.example,u4253,"p,4253""x",n4253
Entry 4254,https://e4254.example,u4254,"p,4254""x",n4254
Entry 4255,https://e4255.example,u4255,"p,4255""x",n4255
Entry 4256,https://e4256.example,u4256,"p,4256""x",n4256
Entry 4257,https://e4257.example,u4257,"p,4257""x",n4257
Entry 4258,https://e4258.example,u4258,"p,4258""x",n4258
Entry 4259,https://e4259.example,u4259,"p,4259""x",n4259
Entry 4260,https://e4260.example,u4260,"p,4260""x",n4260
Entry 4261,https://e4261.example,u4261,"p,4261""x",n4261
Entry 4262,https://e4262.example,u4262,"p,4262""x",n4262
Entry 4263,https://e4263.example,u4263,"p,4263""x",n4263
Entry 4264,https://e4264.example,u4264,"p,4264""x",n4264
Entry 4265,https://e4265.example,u4265,"p,4265""x",n4265
Entry 4266,https://e4266.example,u4266,"p,4266""x",n4266
Entry 4267,https://e4267.example,u4267,"p,4267""x",n4267
Entry 4268,https://e4268.example,u4268,"p,4268""x",n4268
Entry 4269,https://e4269.example,u4269,"p,4269""x",n4269
Entry 4270,https://e4270.example,u4270,"p,4270""x",n4270
Entry 4271,https://e4271.example,u4271,"p,4271""x",n4271
Entry 4272,https://e4272.example,u4272,"p,4272""x",n4272
Entry 4273,https://e4273.example,u4273,"p,4273""x",n4273
Entry 4274,https://e4274.example,u4274,"p,4274""x",n4274
Entry 4275,https://e4275.example,u4275,"p,4275""x",n4275
Entry 4276,https://e4276.example,u4276,"p,4276""x",n4276
Entry 4277,https://e4277.example,u4277,"p,4277""x",n4277
Entry 4278,https://e4278.example,u4278,"p,4278""x",n4278
Entry 4279,https://e4279.example,u4279,"p,4279""x",n4279
Entry 4280,https://e4280.example,u4280,"p,4280""x",n4280
Entry 4281,https://e4281.example,u4281,"p,4281""x",n4281
Entry 4282,https://e4282.example,u4282,"p,4282""x",n4282
Entry 4283,https://e4283.example,u4283,"p,4283""x",n4283
Entry 4284,https://e4284.example,u4284,"p,4284""x",n4284
Entry 4285,https://e4285.example,u4285,"p,4285""x",n4285
Entry 4286,https://e4286.example,u4286,"p,4286""x",n4286
Entry 4287,https://e4287.example,u4287,"p,4287""x",n4287
Entry 4288,https://e4288.example,u4288,"p,4288""x",n4288
Entry 4289,https://e4289.example,u4289,"p,4289""x",n4289
Entry 4290,https://e4290.example,u4290,"p,4290""x",n4290
Entry 4291,https://e4291.example,u4291,"p,4291""x",n4291
Entry 4292,https://e4292.example,u4292,"p,4292""x",n4292
Entry 4293,https://e4293.example,u4293,"p,4293""x",n4293
Entry 4294,https://e4294.example,u4294,"p,4294""x",n4294
Entry 4295,https://e4295.example,u4295,"p,4295""x",n4295
Entry 4296,https://e4296.example,u4296,"p,4296""x",n4296
Entry 4297,https://e4297.example,u4297,"p,4297""x",n4297
Entry 4298,https://e4298.example,u4298,"p,4298""x",n4298
Entry 4299,https://e4299.example,u4299,"p,4299""x",n4299
Entry 4300,https://e4300.example,u4300,"p,4300""x",n4300
Entry 4301,https://e4301.example,u4301,"p,4301""x",n4301
Entry 4302,https://e4302.example,u4302,"p,4302""x",n4302
Entry 4303,https://e4303.example,u4303,"p,4303""x",n4303
Entry 4304,https://e4304.example,u4304,"p,4304""x",n4304
Entry 4305,https://e4305.example,u4305,"p,4305""x",n4305
Entry 4306,https://e4306.example,u4306,"p,4306""x",n4306
Entry 4307,https://e4307.example,u4307,"p,4307""x",n4307
Entry 4308,https://e4308.example,u4308,"p,4308""x",n4308
Entry 4309,https://e4309.example,u4309,"p,4309""x",n4309
Entry 4310,https://e4310.example,u4310,"p,4310""x",n4310
Entry 4311,https://e4311.example,u4311,"p,4311""x",n4311
Entry 4312,https://e4312.example,u4312,"p,4312""x",n4312
Entry 4313,https://e4313.example,u4313,"p,4313""x",n4313
Entry 4314,https://e4314.example,u4314,"p,4314""x",n4314
Entry 4315,https://e4315.example,u4315,"p,4315""x",n4315
Entry 4316,https://e4316.example,u4316,"p,4316""x",n4316
Entry 4317,https://e4317.example,u4317,"p,4317""x",n4317
Entry 4318,https://e4318.example,u4318,"p,4318""x",n4318
Entry 4319,https://e4319.example,u4319,"p,4319""x",n4319
Entry 4320,https://e4320.example,u4320,"p,4320""x",n4320
Entry 4321,https://e4321.example,u4321,"p,4321""x",n4321
Entry 4322,https://e4322.example,u4322,"p,4322""x",n4322
Entry 4323,https://e4323.example,u4323,"p,4323""x",n4323
Entry 4324,https://e4324.example,u4324,"p,4324""x",n4324
Entry 4325,https://e4325.example,u4325,"p,4325""x",n4325
Entry 4326,https://e4326.example,u4326,"p,4326""x",n4326
Entry 4327,https://e4327.example,u4327,"p,4327""x",n4327
Entry 4328,https://e4328.example,u4328,"p,4328""x",n4328
Entry 4329,https://e4329.example,u4329,"p,4329""x",n4329
Entry 4330,https://e4330.example,u4330,"p,4330""x",n4330
Entry 4331,https://e4331.example,u4331,"p,4331""x",n4331
Entry 4332,https://e4332.example,u4332,"p,4332""x",n4332
Entry 4333,https://e4333.example,u4333,"p,4333""x",n4333
Entry 4334,https://e4334.example,u4334,"p,4334""x",n4334
Entry 4335,https://e4335.example,u4335,"p,4335""x",n4335
Entry 4336,https://e4336.example,u4336,"p,4336""x",n4336
Entry 4337,https://e4337.example,u4337,"p,4337""x",n4337
Entry 4338,https://e4338.example,u4338,"p,4338""x",n4338
Entry 4339,https://e4339.example,u4339,"p,4339""x",n4339
Entry 4340,https://e4340.example,u4340,"p,4340""x",n4340
Entry 4341,https://e4341.example,u4341,"p,4341""x",n4341
Entry 4342,https://e4342.example,u4342,"p,4342""x",n4342
Entry 4343,https://e4343.example,u4343,"p,4343""x",n4343
Entry 4344,https://e4344.example,u4344,"p,4344""x",n4344
Entry 4345,https://e4345.example,u4345,"p,4345""x",n4345
Entry 4346,https://e4346.example,u4346,"p,4346""x",n4346
Entry 4347,https://e4347.example,u4347,"p,4347""x",n4347
Entry 4348,https://e4348.example,u4348,"p,4348""x",n4348
Entry 4349,https://e4349.example,u4349,"p,4349""x",n4349
Entry 4350,https://e4350.example,u4350,"p,4350""x",n4350
Entry 4351,https://e4351.example,u4351,"p,4351""x",n4351
Entry 4352,https://e4352.example,u4352,"p,4352""x",n4352
Entry 4353,https://e4353.example,u4353,"p,4353""x",n4353
Entry 4354,https://e4354.example,u4354,"p,4354""x",n4354
Entry 4355,https://e4355.example,u4355,"p,4355""x",n4355
Entry 4356,https://e4356.example,u4356,"p,4356""x",n4356
Entry 4357,https://e4357.example,u4357,"p,4357""x",n4357
Entry 4358,https://e4358.example,u4358,"p,4358""x",n4358
Entry 4359,https://e4359.example,u4359,"p,4359""x",n4359
Entry 4360,https://e4360.example,u4360,"p,4360""x",n4360
Entry 4361,https://e4361.example,u4361,"p,4361""x",n4361
Entry 4362,https://e4362.example,u4362,"p,4362""x",n4362
Entry 4363,https://e4363.example,u4363,"p,4363""x",n4363
Entry 4364,https://e4364.example,u4364,"p,4364""x",n4364
Entry 4365,https://e4365.example,u4365,"p,4365""x",n4365
Entry 4366,https://e4366.example,u4366,"p,4366""x",n4366
Entry 4367,https://e4367.example,u4367,"p,4367""x",n4367
Entry 4368,https://e4368.example,u4368,"p,4368""x",n4368
Entry 4369,https://e4369.example,u4369,"p,4369""x",n4369
Entry 4370,https://e4370.example,u4370,"p,4370""x",n4370
Entry 4371,https://e4371.example,u4371,"p,4371""x",n4371
Entry 4372,https://e4372.example,u4372,"p,4372""x",n4372
Entry 4373,https://e4373.example,u4373,"p,4373""x",n4373
Entry 4374,https://e4374.example,u4374,"p,4374""x",n4374
Entry 4375,https://e4375.example,u4375,"p,4375""x",n4375
Entry 4376,https://e4376.example,u4376,"p,4376""x",n4376
Entry 4377,https://e4377.example,u4377,"p,4377""x",n4377
Entry 4378,https://e4378.example,u4378,"p,4378""x",n4378
Entry 4379,https://e4379.example,u4379,"p,4379""x",n4379
Entry 4380,https://e4380.example,u4380,"p,4380""x",n4380
Entry 4381,https://e4381.example,u4381,"p,4381""x",n4381
Entry 4382,https://e4382.example,u4382,"p,4382""x",n4382
Entry 4383,https://e4383.example,u4383,"p,4383""x",n4383
Entry 4384,https://e4384.example,u4384,"p,4384""x",n4384
Entry 4385,https://e4385.example,u4385,"p,4385""x",n4385
Entry 4386,https://e4386.example,u4386,"p,4386""x",n4386
Entry 4387,https://e4387.example,u4387,"p,4387""x",n4387
Entry 4388,https://e4388.example,u4388,"p,4388""x",n4388
Entry 4389,https://e4389.example,u4389,"p,4389""x",n4389
Entry 4390,https://e4390.example,u4390,"p,4390""x",n4390
Entry 4391,https://e4391.example,u4391,"p,4391""x",n4391
Entry 4392,https://e4392.example,u4392,"p,4392""x",n4392
Entry 4393,https://e4393.example,u4393,"p,4393""x",n4393
Entry 4394,https://e4394.example,u4394,"p,4394""x",n4394
Entry 4395,https://e4395.example,u4395,"p,4395""x",n4395
Entry 4396,https://e4396.example,u4396,"p,4396""x",n4396
Entry 4397,https://e4397.example,u4397,"p,4397""x",n4397
Entry 4398,https://e4398.example,u4398,"p,4398""x",n4398
Entry 4399,https://e4399.example,u4399,"p,4399""x",n4399
Entry 4400,https://e4400.example,u4400,"p,4400""x",n4400
Entry 4401,https://e4401.example,u4401,"p,4401""x",n4401
Entry 4402,https://e4402.example,u4402,"p,4402""x",n4402
Entry 4403,https://e4403.example,u4403,"p,4403""x",n4403
Entry 4404,https://e4404.example,u4404,"p,4404""x",n4404
Entry 4405,https://e4405.example,u4405,"p,4405""x",n4405
Entry 4406,https://e4406.example,u4406,"p,4406""x",n4406
Entry 4407,https://e4407.example,u4407,"p,4407""x",n4407
Entry 4408,https://e4408.example,u4408,"p,4408""x",n4408
Entry 4409,https://e4409.example,u4409,"p,4409""x",n4409
Entry 4410,https://e4410.example,u4410,"p,4410""x",n4410
Entry 4411,https://e4411.example,u4411,"p,4411""x",n4411
Entry 4412,https://e4412.example,u4412,"p,4412""x",n4412
Entry 4413,https://e4413.example,u4413,"p,4413""x",n4413
Entry 4414,https://e4414.example,u4414,"p,4414""x",n4414
Entry 4415,https://e4415.example,u4415,"p,4415""x",n4415
Entry 4416,https://e4416.example,u4416,"p,4416""x",n4416
Entry 4417,https://e4417.example,u4417,"p,4417""x",n4417
Entry 4418,https://e4418.example,u4418,"p,4418""x",n4418
Entry 4419,https://e4419.example,u4419,"p,4419""x",n4419
Entry 4420,https://e4420.example,u4420,"p,4420""x",n4420
Entry 4421,https://e4421.example,u4421,"p,4421""x",n4421
Entry 4422,https://e4422.example,u4422,"p,4422""x",n4422
Entry 4423,https://e4423.example,u4423,"p,4423""x",n4423
Entry 4424,https://e4424.example,u4424,"p,4424""x",n4424
Entry 4425,https://e4425.example,u4425,"p,4425""x",n4425
Entry 4426,https://e4426.example,u4426,"p,4426""x",n4426
Entry 4427,https://e4427.example,u4427,"p,4427""x",n4427
Entry 4428,https://e4428.example,u4428,"p,4428""x",n4428
Entry 4429,https://e4429.example,u4429,"p,4429""x",n4429
Entry 4430,https://e4430.example,u4430,"p,4430""x",n4430
Entry 4431,https://e4431.example,u4431,"p,4431""x",n4431
Entry 4432,https://e4432.example,u4432,"p,4432""x",n4432
Entry 4433,https://e4433.example,u4433,"p,4433""x",n4433
Entry 4434,https://e4434.example,u4434,"p,4434""x",n4434
Entry 4435,https://e4435.example,u4435,"p,4435""x",n4435
Entry 4436,https://e4436.example,u4436,"p,4436""x",n4436
Entry 4437,https://e4437.example,u4437,"p,4437""x",n4437
Entry 4438,https://e4438.example,u4438,"p,4438""x",n4438
Entry 4439,https://e4439.example,u4439,"p,4439""x",n4439
Entry 4440,https://e4440.example,u4440,"p,4440""x",n4440
Entry 4441,https://e4441.example,u4441,"p,4441""x",n4441
Entry 4442,https://e4442.example,u4442,"p,4442""x",n4442
Entry 4443,https://e4443.example,u4443,"p,4443""x",n4443
Entry 4444,https://e4444.example,u4444,"p,4444""x",n4444
Entry 4445,https://e4445.example,u4445,"p,4445""x",n4445
Entry 4446,https://e4446.example,u4446,"p,4446""x",n4446
Entry 4447,https://e4447.example,u4447,"p,4447""x",n4447
Entry 4448,https://e4448.example,u4448,"p,4448""x",n4448
Entry 4449,https://e4449.example,u4449,"p,4449""x",n4449
Entry 4450,https://e4450.example,u4450,"p,4450""x",n4450
Entry 4451,https://e4451.example,u4451,"p,4451""x",n4451
Entry 4452,https://e4452.example,u4452,"p,4452""x",n4452
Entry 4453,https://e4453.example,u4453,"p,4453""x",n4453
Entry 4454,https://e4454.example,u4454,"p,4454""x",n4454
Entry 4455,https://e4455.example,u4455,"p,4455""x",n4455
Entry 4456,https://e4456.example,u4456,"p,4456""x",n4456
Entry 4457,https://e4457.example,u4457,"p,4457""x",n4457
Entry 4458,https://e4458.example,u4458,"p,4458""x",n4458
Entry 4459,https://e4459.example,u4459,"p,4459""x",n4459
Entry 4460,https://e4460.example,u4460,"p,4460""x",n4460
Entry 4461,https://e4461.example,u4461,"p,4461""x",n4461
Entry 4462,https://e4462.example,u4462,"p,4462""x",n4462
Entry 4463,https://e4463.example,u4463,"p,4463""x",n4463
Entry 4464,https://e4464.example,u4464,"p,4464""x",n4464
Entry 4465,https://e4465.example,u4465,"p,4465""x",n4465
Entry 4466,https://e4466.example,u4466,"p,4466""x",n4466
Entry 4467,https://e4467.example,u4467,"p,4467""x",n4467
Entry 4468,https://e4468.example,u4468,"p,4468""x",n4468
Entry 4469,https://e4469.example,u4469,"p,4469""x",n4469
Entry 4470,https://e4470.example,u4470,"p,4470""x",n4470
Entry 4471,https://e4471.example,u4471,"p,4471""x",n4471
Entry 4472,https://e4472.example,u4472,"p,4472""x",n4472
Entry 4473,https://e4473.example,u4473,"p,4473""x",n4473
Entry 4474,https://e4474.example,u4474,"p,4474""x",n4474
Entry 4475,https://e4475.example,u4475,"p,4475""x",n4475
Entry 4476,https://e4476.example,u4476,"p,4476""x",n4476
Entry 4477,https://e4477.example,u4477,"p,4477""x",n4477
Entry 4478,https://e4478.example,u4478,"p,4478""x",n4478
Entry 4479,https://e4479.example,u4479,"p,4479""x",n4479
Entry 4480,https://e4480.example,u4480,"p,4480""x",n4480
Entry 4481,https://e4481.example,u4481,"p,4481""x",n4481
Entry 4482,https://e4482.example,u4482,"p,4482""x",n4482
Entry 4483,https://e4483.example,u4483,"p,4483""x",n4483
Entry 4484,https://e4484.example,u4484,"p,4484""x",n4484
Entry 4485,https://e4485.example,u4485,"p,4485""x",n4485
Entry 4486,https://e4486.example,u4486,"p,4486""x",n4486
Entry 4487,https://e4487.example,u4487,"p,4487""x",n4487
Entry 4488,https://e4488.example,u4488,"p,4488""x",n4488
Entry 4489,https://e4489.example,u4489,"p,4489""x",n4489
Entry 4490,https://e4490.example,u4490,"p,4490""x",n4490
Entry 4491,https://e4491.example,u4491,"p,4491""x",n4491
Entry 4492,https://e4492.example,u4492,"p,4492""x",n4492
Entry 4493,https://e4493.example,u4493,"p,4493""x",n4493
Entry 4494,https://e4494.example,u4494,"p,4494""x",n4494
Entry 4495,https://e4495.example,u4495,"p,4495""x",n4495
Entry 4496,https://e4496.example,u4496,"p,4496""x",n4496
Entry 4497,https://e4497.example,u4497,"p,4497""x",n4497
Entry 4498,https://e4498.example,u4498,"p,4498""x",n4498
Entry 4499,https://e4499.example,u4499,"p,4499""x",n4499
Entry 4500,https://e4500.example,u4500,"p,4500""x",n4500
Entry 4501,https://e4501.example,u4501,"p,4501""x",n4501
Entry 4502,https://e4502.example,u4502,"p,4502""x",n4502
Entry 4503,https://e4503.example,u4503,"p,4503""x",n4503
Entry 4504,https://e4504.example,u4504,"p,4504""x",n4504
Entry 4505,https://e4505.example,u4505,"p,4505""x",n4505
Entry 4506,https://e4506.example,u4506,"p,4506""x",n4506
Entry 4507,https://e4507.example,u4507,"p,4507""x",n4507
Entry 4508,https://e4508.example,u4508,"p,4508""x",n4508
Entry 4509,https://e4509.example,u4509,"p,4509""x",n4509
Entry 4510,https://e4510.example,u4510,"p,4510""x",n4510
Entry 4511,https://e4511.example,u4511,"p,4511""x",n4511
Entry 4512,https://e4512.example,u4512,"p,4512""x",n4512
Entry 4513,https://e4513.example,u4513,"p,4513""x",n4513
Entry 4514,https://e4514.example,u4514,"p,4514""x",n4514
Entry 4515,https://e4515.example,u4515,"p,4515""x",n4515
Entry 4516,https://e4516.example,u4516,"p,4516""x",n4516
Entry 4517,https://e4517.example,u4517,"p,4517""x",n4517
Entry 4518,https://e4518.example,u4518,"p,4518""x",n4518
Entry 4519,https://e4519.example,u4519,"p,4519""x",n4519
Entry 4520,https://e4520.example,u4520,"p,4520""x",n4520
Entry 4521,https://e4521.example,u4521,"p,4521""x",n4521
Entry 4522,https://e4522.example,u4522,"p,4522""x",n4522
Entry 4523,https://e4523.example,u4523,"p,4523""x",n4523
Entry 4524,https://e4524.example,u4524,"p,4524""x",n4524
Entry 4525,https://e4525.example,u4525,"p,4525""x",n4525
Entry 4526,https://e4526.example,u4526,"p,4526""x",n4526
Entry 4527,https://e4527.example,u4527,"p,4527""x",n4527
Entry 4528,https://e4528.example,u4528,"p,4528""x",n4528
Entry 4529,https://e4529.example,u4529,"p,4529""x",n4529
Entry 4530,https://e4530.example,u4530,"p,4530""x",n4530
Entry 4531,https://e4531.example,u4531,"p,4531""x",n4531
Entry 4532,https://e4532.example,u4532,"p,4532""x",n4532
Entry 4533,https://e4533.example,u4533,"p,4533""x",n4533
Entry 4534,https://e4534.example,u4534,"p,4534""x",n4534
Entry 4535,https://e4535.example,u4535,"p,4535""x",n4535
Entry 4536,https://e4536.example,u4536,"p,4536""x",n4536
Entry 4537,https://e4537.example,u4537,"p,4537""x",n4537
Entry 4538,https://e4538.example,u4538,"p,4538""x",n4538
Entry 4539,https://e4539.example,u4539,"p,4539""x",n4539
Entry 4540,https://e4540.example,u4540,"p,4540""x",n4540
Entry 4541,https://e4541.example,u4541,"p,4541""x",n4541
Entry 4542,https://e4542.example,u4542,"p,4542""x",n4542
Entry 4543,https://e4543.example,u4543,"p,4543""x",n4543
Entry 4544,https://e4544.example,u4544,"p,4544""x",n4544
Entry 4545,https://e4545.example,u4545,"p,4545""x",n4545
Entry 4546,https://e4546.example,u4546,"p,4546""x",n4546
Entry 4547,https://e4547.example,u4547,"p,4547""x",n4547
Entry 4548,https://e4548.example,u4548,"p,4548""x",n4548
Entry 4549,https://e4549.example,u4549,"p,4549""x",n4549
Entry 4550,https://e4550.example,u4550,"p,4550""x",n4550
Entry 4551,https://e4551.example,u4551,"p,4551""x",n4551
Entry 4552,https://e4552.example,u4552,"p,4552""x",n4552
Entry 4553,https://e4553.example,u4553,"p,4553""x",n4553
Entry 4554,https://e4554.example,u4554,"p,4554""x",n4554
Entry 4555,https://e4555.example,u4555,"p,4555""x",n4555
Entry 4556,https://e4556.example,u4556,"p,4556""x",n4556
Entry 4557,https://e4557.example,u4557,"p,4557""x",n4557
Entry 4558,https://e4558.example,u4558,"p,4558""x",n4558
Entry 4559,https://e4559.example,u4559,"p,4559""x",n4559
Entry 4560,https://e4560.example,u4560,"p,4560""x",n4560
Entry 4561,https://e4561.example,u4561,"p,4561""x",n4561
Entry 4562,https://e4562.example,u4562,"p,4562""x",n4562
Entry 4563,https://e4563.example,u4563,"p,4563""x",n4563
Entry 4564,https://e4564.example,u4564,"p,4564""x",n4564
Entry 4565,https://e4565.example,u4565,"p,4565""x",n4565
Entry 4566,https://e4566.example,u4566,"p,4566""x",n4566
Entry 4567,https://e4567.example,u4567,"p,4567""x",n4567
Entry 4568,https://e4568.example,u4568,"p,4568""x",n4568
Entry 4569,https://e4569.example,u4569,"p,4569""x",n4569
Entry 4570,https://e4570.example,u4570,"p,4570""x",n4570
Entry 4571,https://e4571.example,u4571,"p,4571""x",n4571
Entry 4572,https://e4572.example,u4572,"p,4572""x",n4572
Entry 4573,https://e4573.example,u4573,"p,4573""x",n4573
Entry 4574,https://e4574.example,u4574,"p,4574""x",n4574
Entry 4575,https://e4575.example,u4575,"p,4575""x",n4575
Entry 4576,https://e4576.example,u4576,"p,4576""x",n4576
Entry 4577,https://e4577.example,u4577,"p,4577""x",n4577
Entry 4578,https://e4578.example,u4578,"p,4578""x",n4578
Entry 4579,https://e4579.example,u4579,"p,4579""x",n4579
Entry 4580,https://e4580.example,u4580,"p,4580""x",n4580
Entry 4581,https://e4581.example,u4581,"p,4581""x",n4581
Entry 4582,https://e4582.example,u4582,"p,4582""x",n4582
Entry 4583,https://e4583.example,u4583,"p,4583""x",n4583
Entry 4584,https://e4584.example,u4584,"p,4584""x",n4584
Entry 4585,https://e4585.example,u4585,"p,4585""x",n4585
Entry 4586,https://e4586.example,u4586,"p,4586""x",n4586
Entry 4587,https://e4587.example,u4587,"p,4587""x",n4587
Entry 4588,https://e4588.example,u4588,"p,4588""x",n4588
Entry 4589,https://e4589.example,u4589,"p,4589""x",n4589
Entry 4590,https://e4590.example,u4590,"p,4590""x",n4590
Entry 4591,https://e4591.example,u4591,"p,4591""x",n4591
Entry 4592,https://e4592.example,u4592,"p,4592""x",n4592
Entry 4593,https://e4593.example,u4593,"p,4593""x",n4593
Entry 4594,https://e4594.example,u4594,"p,4594""x",n4594
Entry 4595,https://e4595.example,u4595,"p,4595""x",n4595
Entry 4596,https://e4596.example,u4596,"p,4596""x",n4596
Entry 4597,https://e4597.example,u4597,"p,4597""x",n4597
Entry 4598,https://e4598.example,u4598,"p,4598""x",n4598
Entry 4599,https://e4599.example,u4599,"p,4599""x",n4599
Entry 4600,https://e4600.example,u4600,"p,4600""x",n4600
Entry 4601,https://e4601.example,u4601,"p,4601""x",n4601
Entry 4602,https://e4602.example,u4602,"p,4602""x",n4602
Entry 4603,https://e4603.example,u4603,"p,4603""x",n4603
Entry 4604,https://e4604.example,u4604,"p,4604""x",n4604
Entry 4605,https://e4605.example,u4605,"p,4605""x",n4605
Entry 4606,https://e4606.example,u4606,"p,4606""x",n4606
Entry 4607,https://e4607.example,u4607,"p,4607""x",n4607
Entry 4608,https://e4608.example,u4608,"p,4608""x",n4608
Entry 4609,https://e4609.example,u4609,"p,4609""x",n4609
Entry 4610,https://e4610.example,u4610,"p,4610""x",n4610
Entry 4611,https://e4611.example,u4611,"p,4611""x",n4611
Entry 4612,https://e4612.example,u4612,"p,4612""x",n4612
Entry 4613,https://e4613.example,u4613,"p,4613""x",n4613
Entry 4614,https://e4614.example,u4614,"p,4614""x",n4614
Entry 4615,https://e4615.example,u4615,"p,4615""x",n4615
Entry 4616,https://e4616.example,u4616,"p,4616""x",n4616
Entry 4617,https://e4617.example,u4617,"p,4617""x",n4617
Entry 4618,https://e4618.example,u4618,"p,4618""x",n4618
Entry 4619,https://e4619.example,u4619,"p,4619""x",n4619
Entry 4620,https://e4620.example,u4620,"p,4620""x",n4620
Entry 4621,https://e4621.example,u4621,"p,4621""x",n4621
Entry 4622,https://e4622.example,u4622,"p,4622""x",n4622
Entry 4623,https://e4623.example,u4623,"p,4623""x",n4623
Entry 4624,https://e4624.example,u4624,"p,4624""x",n4624
Entry 4625,https://e4625.example,u4625,"p,4625""x",n4625
Entry 4626,https://e4626.example,u4626,"p,4626""x",n4626
Entry 4627,https://e4627.example,u4627,"p,4627""x",n4627
Entry 4628,https://e4628.example,u4628,"p,4628""x",n4628
Entry 4629,https://e4629.example,u4629,"p,4629""x",n4629
Entry 4630,https://e4630.example,u4630,"p,4630""x",n4630
Entry 4631,https://e4631.example,u4631,"p,4631""x",n4631
Entry 4632,https://e4632.example,u4632,"p,4632""x",n4632
Entry 4633,https://e4633.example,u4633,"p,4633""x",n4633
Entry 4634,https://e4634.example,u4634,"p,4634""x",n4634
Entry 4635,https://e4635.example,u4635,"p,4635""x",n4635
Entry 4636,https://e4636.example,u4636,"p,4636""x",n4636
Entry 4637,https://e4637.example,u4637,"p,4637""x",n4637
Entry 4638,https://e4638.example,u4638,"p,4638""x",n4638
Entry 4639,https://e4639.example,u4639,"p,4639""x",n4639
Entry 4640,https://e4640.example,u4640,"p,4640""x",n4640
Entry 4641,https://e4641.example,u4641,"p,4641""x",n4641
Entry 4642,https://e4642.example,u4642,"p,4642""x",n4642
Entry 4643,https://e4643.example,u4643,"p,4643""x",n4643
Entry 4644,https://e4644.example,u4644,"p,4644""x",n4644
Entry 4645,https://e4645.example,u4645,"p,4645""x",n4645
Entry 4646,https://e4646.example,u4646,"p,4646""x",n4646
Entry 4647,https://e4647.example,u4647,"p,4647""x",n4647
Entry 4648,https://e4648.example,u4648,"p,4648""x",n4648
Entry 4649,https://e4649.example,u4649,"p,4649""x",n4649
Entry 4650,https://e4650.example,u4650,"p,4650""x",n4650
Entry 4651,https://e4651.example,u4651,"p,4651""x",n4651
Entry 4652,https://e4652.example,u4652,"p,4652""x",n4652
Entry 4653,https://e4653.example,u4653,"p,4653""x",n4653
Entry 4654,https://e4654.example,u4654,"p,4654""x",n4654
Entry 4655,https://e4655.example,u4655,"p,4655""x",n4655
Entry 4656,https://e4656.example,u4656,"p,4656""x",n4656
Entry 4657,https://e4657.example,u4657,"p,4657""x",n4657
Entry 4658,https://e4658.example,u4658,"p,4658""x",n4658
Entry 4659,https://e4659.example,u4659,"p,4659""x",n4659
Entry 4660,https://e4660.example,u4660,"p,4660""x",n4660
Entry 4661,https://e4661.example,u4661,"p,4661""x",n4661
Entry 4662,https://e4662.example,u4662,"p,4662""x",n4662
Entry 4663,https://e4663.example,u4663,"p,4663""x",n4663
Entry 4664,https://e4664.example,u4664,"p,4664""x",n4664
Entry 4665,https://e4665.example,u4665,"p,4665""x",n4665
Entry 4666,https://e4666.example,u4666,"p,4666""x",n4666
Entry 4667,https://e4667.example,u4667,"p,4667""x",n4667
Entry 4668,https://e4668.example,u4668,"p,4668""x",n4668
Entry 4669,https://e4669.example,u4669,"p,4669""x",n4669
Entry 4670,https://e4670.example,u4670,"p,4670""x",n4670
Entry 4671,https://e4671.example,u4671,"p,4671""x",n4671
Entry 4672,https://e4672.example,u4672,"p,4672""x",n4672
Entry 4673,https://e4673.example,u4673,"p,4673""x",n4673
Entry 4674,https://e4674.example,u4674,"p,4674""x",n4674
Entry 4675,https://e4675.example,u4675,"p,4675""x",n4675
Entry 4676,https://e4676.example,u4676,"p,4676""x",n4676
Entry 4677,https://e4677.example,u4677,"p,4677""x",n4677
Entry 4678,https://e4678.example,u4678,"p,4678""x",n4678
Entry 4679,https://e4679.example,u4679,"p,4679""x",n4679
Entry 4680,https://e4680.example,u4680,"p,4680""x",n4680
Entry 4681,https://e4681.example,u4681,"p,4681""x",n4681
Entry 4682,https://e4682.example,u4682,"p,4682""x",n4682
Entry 4683,https://e4683.example,u4683,"p,4683""x",n4683
Entry 4684,https://e4684.example,u4684,"p,4684""x",n4684
Entry 4685,https://e4685.example,u4685,"p,4685""x",n4685
Entry 4686,https://e4686.example,u4686,"p,4686""x",n4686
Entry 4687,https://e4687.example,u4687,"p,4687""x",n4687
Entry 4688,https://e4688.example,u4688,"p,4688""x",n4688
Entry 4689,https://e4689.example,u4689,"p,4689""x",n4689
Entry 4690,https://e4690.example,u4690,"p,4690""x",n4690
Entry 4691,https://e4691.example,u4691,"p,4691""x",n4691
Entry 4692,https://e4692.example,u4692,"p,4692""x",n4692
Entry 4693,https://e4693.example,u4693,"p,4693""x",n4693
Entry 4694,https://e4694.example,u4694,"p,4694""x",n4694
Entry 4695,https://e4695.example,u4695,"p,4695""x",n4695
Entry 4696,https://e4696.example,u4696,"p,4696""x",n4696
Entry 4697,https://e4697.example,u4697,"p,4697""x",n4697
Entry 4698,https://e4698.example,u4698,"p,4698""x",n4698
Entry 4699,https://e4699.example,u4699,"p,4699""x",n4699
Entry 4700,https://e4700.example,u4700,"p,4700""x",n4700
Entry 4701,https://e4701.example,u4701,"p,4701""x",n4701
Entry 4702,https://e4702.example,u4702,"p,4702""x",n4702
Entry 4703,https://e4703.example,u4703,"p,4703""x",n4703
Entry 4704,https://e4704.example,u4704,"p,4704""x",n4704
Entry 4705,https://e4705.example,u4705,"p,4705""x",n4705
Entry 4706,https://e4706.example,u4706,"p,4706""x",n4706
Entry 4707,https://e4707.example,u4707,"p,4707""x",n4707
Entry 4708,https://e4708.example,u4708,"p,4708""x",n4708
Entry 4709,https://e4709.example,u4709,"p,4709""x",n4709
Entry 4710,https://e4710.example,u4710,"p,4710""x",n4710
Entry 4711,https://e4711.example,u4711,"p,4711""x",n4711
Entry 4712,https://e4712.example,u4712,"p,4712""x",n4712
Entry 4713,https://e4713.example,u4713,"p,4713""x",n4713
Entry 4714,https://e4714.example,u4714,"p,4714""x",n4714
Entry 4715,https://e4715.example,u4715,"p,4715""x",n4715
Entry 4716,https://e4716.example,u4716,"p,4716""x",n4716
Entry 4717,https://e4717.example,u4717,"p,4717""x",n4717
Entry 4718,https://e4718.example,u4718,"p,4718""x",n4718
Entry 4719,https://e4719.example,u4719,"p,4719""x",n4719
Entry 4720,https://e4720.example,u4720,"p,4720""x",n4720
Entry 4721,https://e4721.example,u4721,"p,4721""x",n4721
Entry 4722,https://e4722.example,u4722,"p,4722""x",n4722
Entry 4723,https://e4723.example,u4723,"p,4723""x",n4723
Entry 4724,https://e4724.example,u4724,"p,4724""x",n4724
Entry 4725,https://e4725.example,u4725,"p,4725""x",n4725
Entry 4726,https://e4726.example,u4726,"p,4726""x",n4726
Entry 4727,https://e4727.example,u4727,"p,4727""x",n4727
Entry 4728,https://e4728.example,u4728,"p,4728""x",n4728
Entry 4729,https://e4729.example,u4729,"p,4729""x",n4729
Entry 4730,https://e4730.example,u4730,"p,4730""x",n4730
Entry 4731,https://e4731.example,u4731,"p,4731""x",n4731
Entry 4732,https://e4732.example,u4732,"p,4732""x",n4732
Entry 4733,https://e4733.example,u4733,"p,4733""x",n4733
Entry 4734,https://e4734.example,u4734,"p,4734""x",n4734
Entry 4735,https://e4735.example,u4735,"p,4735""x",n4735
Entry 4736,https://e4736.example,u4736,"p,4736""x",n4736
Entry 4737,https://e4737.example,u4737,"p,4737""x",n4737
Entry 4738,https://e4738.example,u4738,"p,4738""x",n4738
Entry 4739,https://e4739.example,u4739,"p,4739""x",n4739
Entry 4740,https://e4740.example,u4740,"p,4740""x",n4740
Entry 4741,https://e4741.example,u4741,"p,4741""x",n4741
Entry 4742,https://e4742.example,u4742,"p,4742""x",n4742
Entry 4743,https://e4743.example,u4743,"p,4743""x",n4743
Entry 4744,https://e4744.example,u4744,"p,4744""x",n4744
Entry 4745,https://e4745.example,u4745,"p,4745""x",n4745
Entry 4746,https://e4746.example,u4746,"p,4746""x",n4746
Entry 4747,https://e4747.example,u4747,"p,4747""x",n4747
Entry 4748,https://e4748.example,u4748,"p,4748""x",n4748
Entry 4749,https://e4749.example,u4749,"p,4749""x",n4749
Entry 4750,https://e4750.example,u4750,"p,4750""x",n4750
Entry 4751,https://e4751.example,u4751,"p,4751""x",n4751
Entry 4752,https://e4752.example,u4752,"p,4752""x",n4752
Entry 4753,https://e4753.example,u4753,"p,4753""x",n4753
Entry 4754,https://e4754.example,u4754,"p,4754""x",n4754
Entry 4755,https://e4755.example,u4755,"p,4755""x",n4755
Entry 4756,https://e4756.example,u4756,"p,4756""x",n4756
Entry 4757,https://e4757.example,u4757,"p,4757""x",n4757
Entry 4758,https://e4758.example,u4758,"p,4758""x",n4758
Entry 4759,https://e4759.example,u4759,"p,4759""x",n4759
Entry 4760,https://e4760.example,u4760,"p,4760""x",n4760
Entry 4761,https://e4761.example,u4761,"p,4761""x",n4761
Entry 4762,https://e4762.example,u4762,"p,4762""x",n4762
Entry 4763,https://e4763.example,u4763,"p,4763""x",n4763
Entry 4764,https://e4764.example,u4764,"p,4764""x",n4764
Entry 4765,https://e4765.example,u4765,"p,4765""x",n4765
Entry 4766,https://e4766.example,u4766,"p,4766""x",n4766
Entry 4767,https://e4767.example,u4767,"p,4767""x",n4767
Entry 4768,https://e4768.example,u4768,"p,4768""x",n4768
Entry 4769,https://e4769.example,u4769,"p,4769""x",n4769
Entry 4770,https://e4770.example,u4770,"p,4770""x",n4770
Entry 4771,https://e4771.example,u4771,"p,4771""x",n4771
Entry 4772,https://e4772.example,u4772,"p,4772""x",n4772
Entry 4773,https://e4773.example,u4773,"p,4773""x",n4773
Entry 4774,https://e4774.example,u4774,"p,4774""x",n4774
Entry 4775,https://e4775.example,u4775,"p,4775""x",n4775
Entry 4776,https://e4776.example,u4776,"p,4776""x",n4776
Entry 4777,https://e4777.example,u4777,"p,4777""x",n4777
Entry 4778,https://e4778.example,u4778,"p,4778""x",n4778
Entry 4779,https://e4779.example,u4779,"p,4779""x",n4779
Entry 4780,https://e4780.example,u4780,"p,4780""x",n4780
Entry 4781,https://e4781.example,u4781,"p,4781""x",n4781
Entry 4782,https://e4782.example,u4782,"p,4782""x",n4782
Entry 4783,https://e4783.example,u4783,"p,4783""x",n4783
Entry 4784,https://e4784.example,u4784,"p,4784""x",n4784
Entry 4785,https://e4785.example,u4785,"p,4785""x",n4785
Entry 4786,https://e4786.example,u4786,"p,4786""x",n4786
Entry 4787,https://e4787.example,u4787,"p,4787""x",n4787
Entry 4788,https://e4788.example,u4788,"p,4788""x",n4788
Entry 4789,https://e4789.example,u4789,"p,4789""x",n4789
Entry 4790,https://e4790.example,u4790,"p,4790""x",n4790
Entry 4791,https://e4791.example,u4791,"p,4791""x",n4791
Entry 4792,https://e4792.example,u4792,"p,4792""x",n4792
Entry 4793,https://e4793.example,u4793,"p,4793""x",n4793
Entry 4794,https://e4794.example,u4794,"p,4794""x",n4794
Entry 4795,https://e4795.example,u4795,"p,4795""x",n4795
Entry 4796,https://e4796.example,u4796,"p,4796""x",n4796
Entry 4797,https://e4797.example,u4797,"p,4797""x",n4797
Entry 4798,https://e4798.example,u4798,"p,4798""x",n4798
Entry 4799,https://e4799.example,u4799,"p,4799""x",n4799
Entry 4800,https://e4800.example,u4800,"p,4800""x",n4800
Entry 4801,https://e4801.example,u4801,"p,4801""x",n4801
Entry 4802,https://e4802.example,u4802,"p,4802""x",n4802
Entry 4803,https://e4803.example,u4803,"p,4803""x",n4803
Entry 4804,https://e4804.example,u4804,"p,4804""x",n4804
Entry 4805,https://e4805.example,u4805,"p,4805""x",n4805
Entry 4806,https://e4806.example,u4806,"p,4806""x",n4806
Entry 4807,https://e4807.example,u4807,"p,4807""x",n4807
Entry 4808,https://e4808.example,u4808,"p,4808""x",n4808
Entry 4809,https://e4809.example,u4809,"p,4809""x",n4809
Entry 4810,https://e4810.example,u4810,"p,4810""x",n4810
Entry 4811,https://e4811.example,u4811,"p,4811""x",n4811
Entry 4812,https://e4812.example,u4812,"p,4812""x",n4812
Entry 4813,https://e4813.example,u4813,"p,4813""x",n4813
Entry 4814,https://e4814.example,u4814,"p,4814""x",n4814
Entry 4815,https://e4815.example,u4815,"p,4815""x",n4815
Entry 4816,https://e4816.example,u4816,"p,4816""x",n4816
Entry 4817,https://e4817.example,u4817,"p,4817""x",n4817
Entry 4818,https://e4818.example,u4818,"p,4818""x",n4818
Entry 4819,https://e4819.example,u4819,"p,4819""x",n4819
Entry 4820,https://e4820.example,u4820,"p,4820""x",n4820
Entry 4821,https://e4821.example,u4821,"p,4821""x",n4821
Entry 4822,https://e4822.example,u4822,"p,4822""x",n4822
Entry 4823,https://e4823.example,u4823,"p,4823""x",n4823
Entry 4824,https://e4824.example,u4824,"p,4824""x",n4824
Entry 4825,https://e4825.example,u4825,"p,4825""x",n4825
Entry 4826,https://e4826.example,u4826,"p,4826""x",n4826
Entry 4827,https://e4827.example,u4827,"p,4827""x",n4827
Entry 4828,https://e4828.example,u4828,"p,4828""x",n4828
Entry 4829,https://e4829.example,u4829,"p,4829""x",n4829
Entry 4830,https://e4830.example,u4830,"p,4830""x",n4830
Entry 4831,https://e4831.example,u4831,"p,4831""x",n4831
Entry 4832,https://e4832.example,u4832,"p,4832""x",n4832
Entry 4833,https://e4833.example,u4833,"p,4833""x",n4833
Entry 4834,https://e4834.example,u4834,"p,4834""x",n4834
Entry 4835,https://e4835.example,u4835,"p,4835""x",n4835
Entry 4836,https://e4836.example,u4836,"p,4836""x",n4836
Entry 4837,https://e4837.example,u4837,"p,4837""x",n4837
Entry 4838,https://e4838.example,u4838,"p,4838""x",n4838
Entry 4839,https://e4839.example,u4839,"p,4839""x",n4839
Entry 4840,https://e4840.example,u4840,"p,4840""x",n4840
Entry 4841,https://e4841.example,u4841,"p,4841""x",n4841
Entry 4842,https://e4842.example,u4842,"p,4842""x",n4842
Entry 4843,https://e4843.example,u4843,"p,4843""x",n4843
Entry 4844,https://e4844.example,u4844,"p,4844""x",n4844
Entry 4845,https://e4845.example,u4845,"p,4845""x",n4845
Entry 4846,https://e4846.example,u4846,"p,4846""x",n4846
Entry 4847,https://e4847.example,u4847,"p,4847""x",n4847
Entry 4848,https://e4848.example,u4848,"p,4848""x",n4848
Entry 4849,https://e4849.example,u4849,"p,4849""x",n4849
Entry 4850,https://e4850.example,u4850,"p,4850""x",n4850
Entry 4851,https://e4851.example,u4851,"p,4851""x",n4851
Entry 4852,https://e4852.example,u4852,"p,4852""x",n4852
Entry 4853,https://e4853.example,u4853,"p,4853""x",n4853
Entry 4854,https://e4854.example,u4854,"p,4854""x",n4854
Entry 4855,https://e4855.example,u4855,"p,4855""x",n4855
Entry 4856,https://e4856.example,u4856,"p,4856""x",n4856
Entry 4857,https://e4857.example,u4857,"p,4857""x",n4857
Entry 4858,https://e4858.example,u4858,"p,4858""x",n4858
Entry 4859,https://e4859.example,u4859,"p,4859""x",n4859
Entry 4860,https://e4860.example,u4860,"p,4860""x",n4860
Entry 4861,https://e4861.example,u4861,"p,4861""x",n4861
Entry 4862,https://e4862.example,u4862,"p,4862""x",n4862
Entry 4863,https://e4863.example,u4863,"p,4863""x",n4863
Entry 4864,https://e4864.example,u4864,"p,4864""x",n4864
Entry 4865,https://e4865.example,u4865,"p,4865""x",n4865
Entry 4866,https://e4866.example,u4866,"p,4866""x",n4866
Entry 4867,https://e4867.example,u4867,"p,4867""x",n4867
Entry 4868,https://e4868.example,u4868,"p,4868""x",n4868
Entry 4869,https://e4869.example,u4869,"p,4869""x",n4869
Entry 4870,https://e4870.example,u4870,"p,4870""x",n4870
Entry 4871,https://e4871.example,u4871,"p,4871""x",n4871
Entry 4872,https://e4872.example,u4872,"p,4872""x",n4872
Entry 4873,https://e4873.example,u4873,"p,4873""x",n4873
Entry 4874,https://e4874.example,u4874,"p,4874""x",n4874
Entry 4875,https://e4875.example,u4875,"p,4875""x",n4875
Entry 4876,https://e4876.example,u4876,"p,4876""x",n4876
Entry 4877,https://e4877.example,u4877,"p,4877""x",n4877
Entry 4878,https://e4878.example,u4878,"p,4878""x",n4878
Entry 4879,https://e4879.example,u4879,"p,4879""x",n4879
Entry 4880,https://e4880.example,u4880,"p,4880""x",n4880
Entry 4881,https://e4881.example,u4881,"p,4881""x",n4881
Entry 4882,https://e4882.example,u4882,"p,4882""x",n4882
Entry 4883,https://e4883.example,u4883,"p,4883""x",n4883
Entry 4884,https://e4884.example,u4884,"p,4884""x",n4884
Entry 4885,https://e4885.example,u4885,"p,4885""x",n4885
Entry 4886,https://e4886.example,u4886,"p,4886""x",n4886
Entry 4887,https://e4887.example,u4887,"p,4887""x",n4887
Entry 4888,https://e4888.example,u4888,"p,4888""x",n4888
Entry 4889,https://e4889.example,u4889,"p,4889""x",n4889
Entry 4890,https://e4890.example,u4890,"p,4890""x",n4890
Entry 4891,https://e4891.example,u4891,"p,4891""x",n4891
Entry 4892,https://e4892.example,u4892,"p,4892""x",n4892
Entry 4893,https://e4893.example,u4893,"p,4893""x",n4893
Entry 4894,https://e4894.example,u4894,"p,4894""x",n4894
Entry 4895,https://e4895.example,u4895,"p,4895""x",n4895
Entry 4896,https://e4896.example,u4896,"p,4896""x",n4896
Entry 4897,https://e4897.example,u4897,"p,4897""x",n4897
Entry 4898,https://e4898.example,u4898,"p,4898""x",n4898
Entry 4899,https://e4899.example,u4899,"p,4899""x",n4899
Entry 4900,https://e4900.example,u4900,"p,4900""x",n4900
Entry 4901,https://e4901.example,u4901,"p,4901""x",n4901
Entry 4902,https://e4902.example,u4902,"p,4902""x",n4902
Entry 4903,https://e4903.example,u4903,"p,4903""x",n4903
Entry 4904,https://e4904.example,u4904,"p,4904""x",n4904
Entry 4905,https://e4905.example,u4905,"p,4905""x",n4905
Entry 4906,https://e4906.example,u4906,"p,4906""x",n4906
Entry 4907,https://e4907.example,u4907,"p,4907""x",n4907
Entry 4908,https://e4908.example,u4908,"p,4908""x",n4908
Entry 4909,https://e4909.example,u4909,"p,4909""x",n4909
Entry 4910,https://e4910.example,u4910,"p,4910""x",n4910
Entry 4911,https://e4911.example,u4911,"p,4911""x",n4911
Entry 4912,https://e4912.example,u4912,"p,4912""x",n4912
Entry 4913,https://e4913.example,u4913,"p,4913""x",n4913
Entry 4914,https://e4914.example,u4914,"p,4914""x",n4914
Entry 4915,https://e4915.example,u4915,"p,4915""x",n4915
Entry 4916,https://e4916.example,u4916,"p,4916""x",n4916
Entry 4917,https://e4917.example,u4917,"p,4917""x",n4917
Entry 4918,https://e4918.example,u4918,"p,4918""x",n4918
Entry 4919,https://e4919.example,u4919,"p,4919""x",n4919
Entry 4920,https://e4920.example,u4920,"p,4920""x",n4920
Entry 4921,https://e4921.example,u4921,"p,4921""x",n4921
Entry 4922,https://e4922.example,u4922,"p,4922""x",n4922
Entry 4923,https://e4923.example,u4923,"p,4923""x",n4923
Entry 4924,https://e4924.example,u4924,"p,4924""x",n4924
Entry 4925,https://e4925.example,u4925,"p,4925""x",n4925
Entry 4926,https://e4926.example,u4926,"p,4926""x",n4926
Entry 4927,https://e4927.example,u4927,"p,4927""x",n4927
Entry 4928,https://e4928.example,u4928,"p,4928""x",n4928
Entry 4929,https://e4929.example,u4929,"p,4929""x",n4929
Entry 4930,https://e4930.example,u4930,"p,4930""x",n4930
Entry 4931,https://e4931.example,u4931,"p,4931""x",n4931
Entry 4932,https://e4932.example,u4932,"p,4932""x",n4932
Entry 4933,https://e4933.example,u4933,"p,4933""x",n4933
Entry 4934,https://e4934.example,u4934,"p,4934""x",n4934
Entry 4935,https://e4935.example,u4935,"p,4935""x",n4935
Entry 4936,https://e4936.example,u4936,"p,4936""x",n4936
Entry 4937,https://e4937.example,u4937,"p,4937""x",n4937
Entry 4938,https://e4938.example,u4938,"p,4938""x",n4938
Entry 4939,https://e4939.example,u4939,"p,4939""x",n4939
Entry 4940,https://e4940.example,u4940,"p,4940""x",n4940
Entry 4941,https://e4941.example,u4941,"p,4941""x",n4941
Entry 4942,https://e4942.example,u4942,"p,4942""x",n4942
Entry 4943,https://e4943.example,u4943,"p,4943""x",n4943
Entry 4944,https://e4944.example,u4944,"p,4944""x",n4944
Entry 4945,https://e4945.example,u4945,"p,4945""x",n4945
Entry 4946,https://e4946.example,u4946,"p,4946""x",n4946
Entry 4947,https://e4947.example,u4947,"p,4947""x",n4947
Entry 4948,https://e4948.example,u4948,"p,4948""x",n4948
Entry 4949,https://e4949.example,u4949,"p,4949""x",n4949
Entry 4950,https://e4950.example,u4950,"p,4950""x",n4950
Entry 4951,https://e4951.example,u4951,"p,4951""x",n4951
Entry 4952,https://e4952.example,u4952,"p,4952""x",n4952
Entry 4953,https://e4953.example,u4953,"p,4953""x",n4953
Entry 4954,https://e4954.example,u4954,"p,4954""x",n4954
Entry 4955,https://e4955.example,u4955,"p,4955""x",n4955
Entry 4956,https://e4956.example,u4956,"p,4956""x",n4956
Entry 4957,https://e4957.example,u4957,"p,4957""x",n4957
Entry 4958,https://e4958.example,u4958,"p,4958""x",n4958
Entry 4959,https://e4959.example,u4959,"p,4959""x",n4959
Entry 4960,https://e4960.example,u4960,"p,4960""x",n4960
Entry 4961,https://e4961.example,u4961,"p,4961""x",n4961
Entry 4962,https://e4962.example,u4962,"p,4962""x",n4962
Entry 4963,https://e4963.example,u4963,"p,4963""x",n4963
Entry 4964,https://e4964.example,u4964,"p,4964""x",n4964
Entry 4965,https://e4965.example,u4965,"p,4965""x",n4965
Entry 4966,https://e4966.example,u4966,"p,4966""x",n4966
Entry 4967,https://e4967.example,u4967,"p,4967""x",n4967
Entry 4968,https://e4968.example,u4968,"p,4968""x",n4968
Entry 4969,https://e4969.example,u4969,"p,4969""x",n4969
Entry 4970,https://e4970.example,u4970,"p,4970""x",n4970
Entry 4971,https://e4971.example,u4971,"p,4971""x",n4971
Entry 4972,https://e4972.example,u4972,"p,4972""x",n4972
Entry 4973,https://e4973.example,u4973,"p,4973""x",n4973
Entry 4974,https://e4974.example,u4974,"p,4974""x",n4974
Entry 4975,https://e4975.example,u4975,"p,4975""x",n4975
Entry 4976,https://e4976.example,u4976,"p,4976""x",n4976
Entry 4977,https://e4977.example,u4977,"p,4977""x",n4977
Entry 4978,https://e4978.example,u4978,"p,4978""x",n4978
Entry 4979,https://e4979.example,u4979,"p,4979""x",n4979
Entry 4980,https://e4980.example,u4980,"p,4980""x",n4980
Entry 4981,https://e4981.example,u4981,"p,4981""x",n4981
Entry 4982,https://e4982.example,u4982,"p,4982""x",n4982
Entry 4983,https://e4983.example,u4983,"p,4983""x",n4983
Entry 4984,https://e4984.example,u4984,"p,4984""x",n4984
Entry 4985,https://e4985.example,u4985,"p,4985""x",n4985
Entry 4986,https://e4986.example,u4986,"p,4986""x",n4986
Entry 4987,https://e4987.example,u4987,"p,4987""x",n4987
Entry 4988,https://e4988.example,u4988,"p,4988""x",n4988
Entry 4989,https://e4989.example,u4989,"p,4989""x",n4989
Entry 4990,https://e4990.example,u4990,"p,4990""x",n4990
Entry 4991,https://e4991.example,u4991,"p,4991""x",n4991
Entry 4992,https://e4992.example,u4992,"p,4992""x",n4992
Entry 4993,https://e4993.example,u4993,"p,4993""x",n4993
Entry 4994,https://e4994.example,u4994,"p,4994""x",n4994
Entry 4995,https://e4995.example,u4995,"p,4995""x",n4995
Entry 4996,https://e4996.example,u4996,"p,4996""x",n4996
Entry 4997,https://e4997.example,u4997,"p,4997""x",n4997
Entry 4998,https://e4998.example,u4998,"p,4998""x",n4998
Entry 4999,https://e4999.example,u4999,"p,4999""x",n4999
